SNAPSHOT_DATE,PLAYER_ID,PLAYER_NAME,TEAM_ABBREVIATION,PREDICTED_AAV,AGE,GP,MIN,PTS,REB,AST,STL,BLK,PLUS_MINUS,TS_PCT,USG_PCT,PIE
2026-01-05,1630639,A.J. Lawson,TOR,2204919.5898147444,25.0,3,23.348333333333333,14,6,0,1,2,-14,0.549,0.255,0.089
2026-01-05,1631260,AJ Green,MIL,7387545.843849771,26.0,33,965.0083333333333,336,88,67,22,3,48,0.639,0.127,0.059
2026-01-05,1642358,AJ Johnson,WAS,1392703.531939807,21.0,17,96.465,23,9,12,3,0,11,0.341,0.167,0.025
2026-01-05,203932,Aaron Gordon,DEN,10164135.247746145,30.0,14,389.54833333333335,264,83,19,10,3,166,0.667,0.23,0.13
2026-01-05,1628988,Aaron Holiday,HOU,3844954.485096323,29.0,26,372.9483333333333,172,23,26,11,4,29,0.586,0.182,0.063
2026-01-05,1630174,Aaron Nesmith,IND,4601649.896821912,26.0,16,472.2416666666667,236,74,32,12,10,-75,0.542,0.197,0.08
2026-01-05,1630598,Aaron Wiggins,OKC,8405603.126381444,27.0,23,514.1416666666667,237,64,38,13,12,153,0.568,0.191,0.081
2026-01-05,1642846,Ace Bailey,UTA,2930753.359319463,19.0,30,714.555,311,98,46,22,11,-155,0.529,0.185,0.056
2026-01-05,1641737,Adem Bona,PHI,3243573.665612149,22.0,25,418.6383333333333,96,99,6,9,36,36,0.606,0.093,0.055
2026-01-05,1642876,Adou Thiero,LAL,1402530.787124266,21.0,15,86.70333333333333,20,18,5,5,1,-4,0.465,0.125,0.033
2026-01-05,1642349,Ajay Mitchell,OKC,16051159.000042351,23.0,34,875.0466666666666,474,117,123,49,11,323,0.592,0.212,0.123
2026-01-05,201143,Al Horford,GSW,2314286.714532239,39.0,17,336.29,115,76,28,15,17,-65,0.535,0.153,0.091
2026-01-05,1627936,Alex Caruso,OKC,7452053.564096351,31.0,26,477.1383333333333,156,76,54,38,9,197,0.542,0.146,0.091
2026-01-05,1642259,Alex Sarr,WAS,6625413.804160179,20.0,25,707.4416666666667,431,196,75,19,57,-168,0.556,0.252,0.131
2026-01-05,1642918,Alijah Martin,TOR,2821631.9859337783,24.0,3,7.883333333333334,0,0,0,1,0,6,0.0,0.063,0.0
2026-01-05,1630578,Alperen Sengun,HOU,17918794.25852199,23.0,28,961.0233333333333,610,251,182,41,27,195,0.576,0.264,0.151
2026-01-05,1642873,Amari Williams,BOS,2239058.28587485,23.0,6,30.946666666666665,3,7,1,1,2,-12,0.521,0.041,0.05
2026-01-05,1641708,Amen Thompson,HOU,17961242.34583934,22.0,32,1172.7316666666666,577,237,167,44,18,259,0.576,0.201,0.122
2026-01-05,1629599,Amir Coffey,MIL,191445.4799396012,28.0,22,168.71166666666667,32,16,8,0,1,-38,0.55,0.078,0.048
2026-01-05,203083,Andre Drummond,PHI,4457521.946779619,32.0,30,618.4916666666667,214,275,25,16,26,-19,0.581,0.14,0.119
2026-01-05,1641748,Andre Jackson Jr.,MIL,1209375.6467661448,24.0,15,97.12,22,12,17,5,2,-16,0.413,0.143,0.045
2026-01-05,1629614,Andrew Nembhard,IND,4828601.928587115,25.0,28,890.1033333333334,485,69,191,26,3,-280,0.551,0.239,0.104
2026-01-05,203952,Andrew Wiggins,MIA,11639775.118780505,30.0,32,1028.5883333333334,516,153,93,39,36,40,0.563,0.2,0.088
2026-01-05,1629014,Anfernee Simons,BOS,11773440.019507688,26.0,34,806.7833333333333,447,77,81,17,4,165,0.57,0.218,0.092
2026-01-05,1641710,Anthony Black,ORL,11870821.92215786,21.0,36,1080.3733333333332,570,147,136,48,26,18,0.561,0.225,0.093
2026-01-05,203076,Anthony Davis,DAL,8377650.294958971,32.0,18,554.835,367,194,50,21,30,-38,0.568,0.269,0.154
2026-01-05,1630162,Anthony Edwards,MIN,19299098.152334716,24.0,29,1012.3916666666667,854,145,106,42,23,67,0.636,0.304,0.156
2026-01-05,1630264,Anthony Gill,WAS,1413620.5839419563,33.0,14,45.67666666666667,21,11,0,1,1,-4,0.763,0.155,0.114
2026-01-05,1641810,Antonio Reeves,CHA,3140741.5917815887,25.0,6,52.99666666666667,21,5,2,1,0,27,0.656,0.13,0.085
2026-01-05,1630574,Ariel Hukporti,NYK,1084105.1041475995,23.0,23,226.86833333333334,39,69,16,5,15,-13,0.573,0.082,0.061
2026-01-05,1642854,Asa Newell,ATL,2458805.2666749456,20.0,27,298.7033333333333,143,54,15,10,8,-10,0.675,0.159,0.078
2026-01-05,1641709,Ausar Thompson,DET,8787261.740497418,22.0,31,814.7066666666667,355,179,80,46,24,63,0.537,0.19,0.094
2026-01-05,1630559,Austin Reaves,LAL,14842235.41439988,27.0,23,811.7783333333333,612,120,144,22,5,57,0.666,0.276,0.154
2026-01-05,1630245,Ayo Dosunmu,CHI,6838195.794127647,25.0,29,753.5083333333333,405,79,97,17,6,-75,0.624,0.192,0.102
2026-01-05,1628389,Bam Adebayo,MIA,13099602.754771734,28.0,28,869.61,483,267,72,28,24,116,0.549,0.23,0.127
2026-01-05,1631248,Baylor Scheierman,BOS,2075056.6903623585,25.0,30,341.3983333333333,79,48,19,12,2,49,0.665,0.088,0.052
2026-01-05,1642879,Ben Saraf,BKN,2463369.813152882,19.0,12,203.02166666666668,65,19,34,8,3,-18,0.474,0.191,0.05
2026-01-05,1641767,Ben Sheppard,IND,1751470.3374334483,24.0,25,608.285,171,97,46,16,3,-105,0.488,0.126,0.061
2026-01-05,1631097,Bennedict Mathurin,IND,5383828.279427416,23.0,24,771.5133333333333,427,132,52,16,4,-190,0.577,0.233,0.093
2026-01-05,1641731,Bilal Coulibaly,WAS,2680600.160651851,21.0,20,534.6616666666666,198,97,52,28,21,-122,0.495,0.181,0.068
2026-01-05,202687,Bismack Biyombo,SAS,1404659.5160724763,33.0,10,63.733333333333334,9,7,3,3,1,-30,0.654,0.067,0.019
2026-01-05,1631104,Blake Wesley,POR,2763684.5626175823,22.0,6,98.08,36,14,19,10,1,-8,0.469,0.173,0.081
2026-01-05,1626171,Bobby Portis,MIL,6531788.882887302,30.0,36,837.1116666666667,474,233,48,20,6,-124,0.591,0.226,0.126
2026-01-05,1641752,Bobi Klintman,DET,2060204.6899396125,22.0,6,52.885,17,16,4,2,0,-16,0.381,0.19,0.026
2026-01-05,203992,Bogdan Bogdanović,LAC,3700218.159132556,33.0,16,360.1433333333333,128,46,43,8,1,-5,0.511,0.177,0.064
2026-01-05,1630538,Bones Hyland,MIN,4856505.755036594,25.0,27,369.7133333333333,167,36,61,15,6,76,0.586,0.179,0.084
2026-01-05,203078,Bradley Beal,LAC,2489092.2739427644,32.0,6,120.91666666666667,49,5,10,3,0,-23,0.476,0.224,0.018
2026-01-05,1642382,Branden Carlson,OKC,3237119.135733189,26.0,26,279.835,139,65,17,5,12,24,0.657,0.178,0.11
2026-01-05,1641764,Brandin Podziemski,GSW,9234064.371203467,22.0,36,983.6166666666667,442,161,122,36,7,25,0.585,0.18,0.104
2026-01-05,1629634,Brandon Clarke,MEM,2411870.593192558,29.0,2,20.438333333333333,8,6,1,2,0,-12,0.372,0.193,0.023
2026-01-05,1627742,Brandon Ingram,TOR,16749897.216797013,28.0,36,1233.71,803,216,133,28,24,14,0.567,0.273,0.121
2026-01-05,1641706,Brandon Miller,CHA,7960358.9360240195,23.0,19,581.2283333333334,374,79,65,17,20,-37,0.521,0.281,0.087
2026-01-05,1630314,Brandon Williams,DAL,7281868.758664989,26.0,32,714.2333333333333,372,89,126,38,7,-5,0.523,0.236,0.1
2026-01-05,1641729,Brice Sensabaugh,UTA,2673078.4183119647,22.0,33,627.86,317,89,49,23,5,-148,0.562,0.207,0.074
2026-01-05,1642355,Bronny James,LAL,1418975.7223462395,21.0,18,146.99,29,10,24,9,1,4,0.404,0.136,0.039
2026-01-05,201572,Brook Lopez,LAC,3005855.822358149,37.0,27,459.6483333333333,187,70,22,10,26,-37,0.534,0.195,0.064
2026-01-05,1642964,Brooks Barnhizer,OKC,80727.1413007666,23.0,20,152.98666666666668,29,36,9,3,2,-56,0.506,0.088,0.074
2026-01-05,1628971,Bruce Brown,DEN,3933831.0923838443,29.0,35,857.8566666666667,247,148,77,36,8,-32,0.536,0.133,0.062
2026-01-05,1631121,Bryce McGowens,NOP,2611759.643719502,23.0,23,426.67833333333334,175,50,30,15,3,-64,0.616,0.146,0.073
2026-01-05,1642267,Bub Carrington,WAS,574106.7801811595,20.0,34,909.2633333333333,318,129,147,16,6,-288,0.54,0.163,0.066
2026-01-05,1627741,Buddy Hield,GSW,2416251.4789562267,33.0,32,568.6316666666667,243,80,46,27,3,-91,0.545,0.182,0.075
2026-01-05,203468,CJ McCollum,WAS,8826254.054902509,34.0,34,1043.6233333333332,631,118,121,24,9,-187,0.569,0.237,0.096
2026-01-05,1630595,Cade Cunningham,DET,23691245.426777117,24.0,32,1147.2966666666666,853,201,308,50,25,231,0.573,0.3,0.164
2026-01-05,1631216,Caleb Houstan,ATL,1704098.72300922,22.0,9,44.4,20,5,2,1,1,-17,0.653,0.178,0.058
2026-01-05,1631126,Caleb Love,POR,3048632.3858507066,24.0,28,565.6583333333333,278,69,60,13,3,-119,0.497,0.216,0.074
2026-01-05,1628997,Caleb Martin,DAL,-1019139.0425284362,30.0,29,274.81666666666666,46,42,29,13,4,-77,0.423,0.094,0.035
2026-01-05,1642353,Cam Christie,LAC,2024994.884929659,20.0,22,207.14166666666668,76,38,12,6,2,16,0.474,0.186,0.078
2026-01-05,1642285,Cam Spencer,MEM,9081053.35889503,25.0,34,790.2966666666666,401,81,166,25,2,50,0.675,0.178,0.121
2026-01-05,1630560,Cam Thomas,BKN,5060595.002972734,24.0,12,310.05,252,19,29,4,1,-62,0.581,0.324,0.114
2026-01-05,1641715,Cam Whitmore,WAS,1216041.324649315,21.0,21,353.98333333333335,193,58,15,15,8,-152,0.528,0.225,0.082
2026-01-05,1629661,Cameron Johnson,DEN,10906449.65130609,29.0,28,857.0383333333333,327,100,66,17,8,196,0.604,0.146,0.067
2026-01-05,1627747,Caris LeVert,DET,5527462.449922198,31.0,26,523.44,219,46,73,22,15,39,0.557,0.176,0.087
2026-01-05,1642868,Carter Bryant,SAS,643231.9775515045,20.0,27,206.95,60,43,5,4,2,-6,0.414,0.158,0.034
2026-01-05,1641717,Cason Wallace,OKC,12220213.249152299,22.0,35,942.3983333333333,270,105,78,73,8,356,0.54,0.124,0.071
2026-01-05,1642907,Cedric Coward,MEM,9848839.715798208,22.0,34,907.8266666666667,467,223,100,19,11,13,0.584,0.199,0.117
2026-01-05,1629646,Charles Bassey,MEM,2718788.731823195,25.0,2,30.516666666666666,7,15,2,1,1,-8,0.376,0.123,0.065
2026-01-05,1642404,Chaz Lanier,DET,1970192.7884874889,24.0,14,136.41,45,14,10,4,0,-8,0.509,0.129,0.065
2026-01-05,1631096,Chet Holmgren,OKC,19085416.63133022,23.0,31,889.7883333333333,563,255,50,18,56,339,0.67,0.229,0.153
2026-01-05,1628449,Chris Boucher,BOS,2564393.68004963,32.0,8,90.63333333333334,18,18,3,5,7,7,0.379,0.118,0.043
2026-01-05,1641753,Chris Livingston,CLE,2711693.2869921667,22.0,3,17.426666666666666,9,3,1,1,0,8,0.605,0.189,0.104
2026-01-05,1643024,Chris Mañon,LAL,2971571.56563439,24.0,3,12.8,0,3,0,1,2,7,0.0,0.028,0.018
2026-01-05,101108,Chris Paul,LAC,492211.4438960835,40.0,16,227.535,47,28,53,11,0,-84,0.413,0.135,0.064
2026-01-05,1642959,Chris Youngblood,OKC,547460.8593336473,23.0,25,131.825,47,21,7,2,0,-6,0.51,0.157,0.048
2026-01-05,1631128,Christian Braun,DEN,6353760.448703017,24.0,12,349.6016666666667,128,50,33,9,4,97,0.558,0.154,0.071
2026-01-05,1631132,Christian Koloko,MEM,2530647.070083338,25.0,9,134.09833333333333,19,23,5,9,7,3,0.455,0.073,0.041
2026-01-05,1642935,Chucky Hepburn,TOR,2076943.5601298623,22.0,2,13.233333333333333,0,1,2,1,0,-16,0.0,0.219,-0.1
2026-01-05,203991,Clint Capela,HOU,2426771.996745893,31.0,29,336.00666666666666,112,138,14,16,20,10,0.546,0.139,0.113
2026-01-05,1629632,Coby White,CHI,7746856.279482119,25.0,16,449.335,307,51,75,11,0,13,0.588,0.275,0.101
2026-01-05,1628998,Cody Martin,IND,2067214.4190931902,30.0,4,55.18,7,14,2,4,2,-28,0.277,0.119,0.045
2026-01-05,1642262,Cody Williams,UTA,1256671.0242284245,21.0,21,281.71,78,27,12,4,4,-36,0.442,0.136,0.022
2026-01-05,1641732,Colby Jones,DET,3004497.309239705,23.0,1,6.816666666666666,2,4,2,0,0,12,0.333,0.158,0.256
2026-01-05,1630175,Cole Anthony,MIL,2094524.1515666805,25.0,27,403.995,176,69,99,17,8,-78,0.482,0.24,0.086
2026-01-05,1631221,Collin Gillespie,PHX,12766707.425525976,26.0,35,983.815,484,139,177,50,11,136,0.592,0.194,0.12
2026-01-05,1642867,Collin Murray-Boyles,TOR,3836535.329100627,20.0,29,545.0666666666667,198,122,42,20,15,-10,0.578,0.156,0.074
2026-01-05,1629012,Collin Sexton,CHA,8263140.052237385,27.0,27,657.9533333333334,412,56,118,21,5,-19,0.612,0.249,0.118
2026-01-05,1642843,Cooper Flagg,DAL,10835492.67077455,19.0,35,1212.1116666666667,662,225,145,43,28,-150,0.554,0.231,0.116
2026-01-05,1630557,Corey Kispert,WAS,3109490.68775805,26.0,19,369.76166666666666,174,44,32,8,3,-62,0.649,0.158,0.09
2026-01-05,1641854,Craig Porter Jr.,CLE,4433488.228131638,25.0,32,542.7483333333333,158,112,82,33,19,62,0.584,0.117,0.108
2026-01-05,1642938,Curtis Jones,DEN,2200276.7660984164,24.0,4,13.566666666666666,4,3,1,0,0,5,0.25,0.265,-0.01
2026-01-05,1626156,D'Angelo Russell,DAL,4701799.074267548,29.0,25,476.0416666666667,256,59,100,12,2,-38,0.515,0.261,0.099
2026-01-05,1641747,DaRon Holmes II,DEN,2327711.1439667274,23.0,6,73.61,27,11,8,0,2,-24,0.724,0.121,0.093
2026-01-05,1631342,Daeqwon Plowden,SAC,2430179.7220423743,27.0,1,14.0,2,2,0,0,0,-16,0.2,0.152,-0.014
2026-01-05,1631207,Dalen Terry,CHI,1581729.5755249907,23.0,20,219.185,56,35,25,12,5,-11,0.491,0.126,0.061
2026-01-05,1642261,Dalton Knecht,LAL,1648805.0479117346,24.0,28,369.87833333333333,150,49,12,8,8,-48,0.568,0.164,0.07
2026-01-05,1629655,Daniel Gafford,DAL,3769606.051985678,27.0,25,511.48333333333335,205,151,24,22,36,-57,0.682,0.148,0.111
2026-01-05,1642450,Daniss Jenkins,DET,5147601.100880123,24.0,28,435.62333333333333,213,47,80,23,1,48,0.553,0.206,0.103
2026-01-05,1642874,Danny Wolf,BKN,3526159.4859727346,21.0,19,369.8666666666667,141,73,37,10,3,-10,0.502,0.189,0.084
2026-01-05,203967,Dario Šarić,SAC,2472286.0641431618,31.0,5,41.248333333333335,5,6,2,0,0,0,0.363,0.1,0.015
2026-01-05,1629636,Darius Garland,CLE,7554351.509562493,25.0,21,637.1466666666666,357,55,145,15,2,-42,0.549,0.248,0.096
2026-01-05,1642357,David Jones Garcia,SAS,3062494.0459748874,24.0,10,67.12333333333333,32,12,18,6,1,38,0.579,0.181,0.129
2026-01-05,1630558,Davion Mitchell,MIA,9918203.943820102,27.0,34,1025.185,320,86,253,42,4,141,0.564,0.138,0.081
2026-01-05,1630549,Day'Ron Sharpe,BKN,4683722.803324068,24.0,32,551.5366666666666,243,184,77,33,16,-14,0.646,0.18,0.14
2026-01-05,1628368,De'Aaron Fox,SAS,14178577.910527106,28.0,26,842.3783333333333,565,100,152,37,7,90,0.59,0.261,0.121
2026-01-05,1629631,De'Andre Hunter,CLE,8748799.936369868,28.0,32,882.7916666666666,470,138,66,22,5,-27,0.562,0.212,0.083
2026-01-05,1629001,De'Anthony Melton,GSW,4513225.595322583,27.0,11,218.61833333333334,90,28,22,19,6,54,0.457,0.214,0.064
2026-01-05,201599,DeAndre Jordan,NOP,2381392.197255672,37.0,2,23.3,9,10,0,0,0,-26,0.765,0.113,0.211
2026-01-05,201942,DeMar DeRozan,SAC,7186961.442081809,36.0,36,1188.0866666666666,659,124,135,50,9,-293,0.598,0.204,0.112
2026-01-05,1629731,Dean Wade,CLE,3883812.6809881497,29.0,33,761.575,194,136,54,24,13,9,0.538,0.099,0.068
2026-01-05,1629028,Deandre Ayton,LAL,8771781.527298922,27.0,29,853.66,414,245,24,24,29,-11,0.702,0.172,0.117
2026-01-05,1630166,Deni Avdija,POR,20108172.009770237,25.0,36,1272.5116666666668,924,262,255,29,23,11,0.608,0.277,0.149
2026-01-05,203471,Dennis Schröder,SAC,4060688.0184632875,32.0,29,798.815,376,98,166,24,5,-201,0.531,0.217,0.102
2026-01-05,1641726,Dereck Lively II,DAL,3271656.667456383,21.0,7,115.27333333333333,30,37,13,4,11,14,0.67,0.113,0.094
2026-01-05,1642852,Derik Queen,NOP,7316922.49031221,21.0,36,933.225,473,252,145,37,34,-130,0.561,0.227,0.113
2026-01-05,1627884,Derrick Jones Jr.,LAC,4176125.8373022825,28.0,17,411.22333333333336,176,45,20,13,18,-30,0.674,0.147,0.08
2026-01-05,1628401,Derrick White,BOS,17459177.297643166,31.0,33,1114.25,616,142,174,45,50,205,0.544,0.238,0.119
2026-01-05,1630217,Desmond Bane,ORL,15961717.776027571,27.0,36,1221.005,694,167,166,28,20,82,0.562,0.229,0.103
2026-01-05,1626164,Devin Booker,PHX,19579887.083581116,29.0,32,1092.905,822,134,204,30,12,110,0.586,0.297,0.141
2026-01-05,1642269,Devin Carter,SAC,2189818.742280185,23.0,11,97.54333333333334,36,14,13,6,2,0,0.449,0.194,0.064
2026-01-05,1630170,Devin Vassell,SAS,12684686.655004928,25.0,32,1020.12,480,129,77,29,15,145,0.561,0.184,0.084
2026-01-05,1628415,Dillon Brooks,PHX,11896482.591653747,29.0,29,895.4716666666667,620,90,48,37,2,-22,0.568,0.276,0.092
2026-01-05,1627734,Domantas Sabonis,SAC,2668927.1966181635,29.0,11,365.03333333333336,189,135,41,13,2,-159,0.564,0.224,0.119
2026-01-05,1631230,Dominick Barlow,PHI,4673446.607665439,22.0,23,587.0383333333333,194,119,37,21,19,-7,0.608,0.128,0.081
2026-01-05,1642270,Donovan Clingan,POR,8117762.49738665,21.0,32,852.8183333333334,358,339,56,16,43,-3,0.617,0.144,0.129
2026-01-05,1628378,Donovan Mitchell,CLE,25331647.979068004,29.0,34,1150.1466666666668,1013,160,185,52,10,213,0.63,0.317,0.158
2026-01-05,1628978,Donte DiVincenzo,MIN,14137454.969936047,28.0,36,1122.9883333333332,469,162,146,47,16,224,0.565,0.168,0.091
2026-01-05,1627827,Dorian Finney-Smith,HOU,3391498.295664044,32.0,5,77.045,12,13,3,2,1,34,0.462,0.087,0.035
2026-01-05,203926,Doug McDermott,SAC,2269403.2387447744,34.0,6,65.63666666666667,24,5,2,0,1,-17,0.571,0.146,0.04
2026-01-05,1642962,Drake Powell,BKN,1747803.912536879,20.0,24,436.76,150,37,42,16,4,-76,0.617,0.146,0.07
2026-01-05,203110,Draymond Green,GSW,6651569.410106213,35.0,29,774.5483333333333,247,171,149,25,23,35,0.545,0.168,0.082
2026-01-05,1629234,Drew Eubanks,SAC,607514.0898050371,28.0,29,411.07,155,81,8,12,19,-109,0.63,0.153,0.072
2026-01-05,1641809,Drew Peterson,CHA,2135702.0063621174,26.0,6,64.26833333333333,5,9,2,3,1,-10,0.148,0.108,0.0
2026-01-05,1631166,Drew Timme,LAL,2665886.1327531864,25.0,3,11.016666666666667,2,3,3,1,0,1,0.5,0.107,0.159
2026-01-05,1630696,Dru Smith,MIA,4290770.528697707,28.0,36,630.7466666666667,232,90,95,58,11,13,0.546,0.15,0.093
2026-01-05,1629130,Duncan Robinson,DET,10410450.738228263,31.0,33,975.6783333333333,382,93,67,26,10,146,0.598,0.138,0.07
2026-01-05,1641871,Duop Reath,POR,-40270.315017194866,29.0,26,195.665,75,21,8,5,4,-62,0.612,0.138,0.06
2026-01-05,203939,Dwight Powell,DAL,2281747.7320406307,34.0,24,293.4116666666667,64,68,21,11,8,28,0.658,0.079,0.057
2026-01-05,1642928,Dylan Cardwell,SAC,2934332.6607983285,24.0,9,161.45833333333334,35,45,8,9,16,0,0.568,0.093,0.061
2026-01-05,1642844,Dylan Harper,SAS,7971136.651507078,19.0,25,540.4766666666667,291,81,94,27,4,80,0.513,0.239,0.104
2026-01-05,1630700,Dyson Daniels,ATL,9274338.295411881,22.0,36,1226.84,422,232,219,70,17,-1,0.524,0.162,0.093
2026-01-05,1630604,E.J. Liddell,BKN,2494497.79206885,25.0,8,35.18333333333333,14,9,0,0,0,17,0.526,0.143,0.109
2026-01-05,1642856,Egor Dëmin,BKN,5710056.941765201,19.0,30,731.815,298,99,103,27,9,-21,0.537,0.19,0.08
2026-01-05,1641989,Elijah Harkless,UTA,2844864.478051861,25.0,7,65.79666666666667,17,6,5,4,0,20,0.568,0.116,0.037
2026-01-05,1641801,Emanuel Miller,CHI,2100063.9878301932,25.0,5,33.05,15,3,4,2,0,-19,0.54,0.169,0.093
2026-01-05,201569,Eric Gordon,PHI,2192916.2833121098,37.0,6,73.75,33,2,3,4,1,-31,0.754,0.137,0.083
2026-01-05,1630679,Ethan Thompson,IND,2871554.1899453565,26.0,14,253.61666666666667,69,27,23,7,4,3,0.518,0.126,0.04
2026-01-05,1630596,Evan Mobley,CLE,14596889.233293124,24.0,31,1021.865,550,277,124,28,57,105,0.573,0.219,0.127
2026-01-05,1630532,Franz Wagner,ORL,13089620.92928885,24.0,24,801.195,545,146,88,28,9,53,0.6,0.251,0.142
2026-01-05,1641713,GG Jackson,MEM,2545396.2858578344,21.0,15,199.17833333333334,85,39,10,12,7,-14,0.499,0.189,0.08
2026-01-05,1629216,Gabe Vincent,LAL,3156821.4572677547,29.0,14,300.6983333333333,66,12,20,7,1,21,0.523,0.097,0.017
2026-01-05,202066,Garrett Temple,TOR,1328844.9461667077,39.0,9,27.303333333333335,4,4,3,3,1,-21,0.291,0.164,0.038
2026-01-05,1629726,Garrison Mathews,IND,2680897.573034045,29.0,15,196.1,78,17,10,6,3,-2,0.628,0.134,0.072
2026-01-05,203914,Gary Harris,MIL,1088524.626662724,31.0,26,382.09166666666664,70,36,25,15,4,-18,0.623,0.075,0.046
2026-01-05,1627780,Gary Payton II,GSW,1372042.1990908545,33.0,34,414.14666666666665,150,103,58,19,12,-49,0.56,0.159,0.093
2026-01-05,1629018,Gary Trent Jr.,MIL,1790756.0409059143,26.0,34,878.565,310,46,54,26,2,-178,0.538,0.15,0.05
2026-01-05,203507,Giannis Antetokounmpo,MIL,17571936.125805203,31.0,22,635.23,645,220,121,19,17,146,0.677,0.364,0.226
2026-01-05,1629048,Goga Bitadze,ORL,4285555.558038996,26.0,32,535.3566666666667,188,161,44,23,41,15,0.736,0.11,0.119
2026-01-05,1641711,Gradey Dick,TOR,4639398.814521713,22.0,36,561.24,220,69,24,26,4,72,0.528,0.161,0.065
2026-01-05,1628960,Grayson Allen,PHX,6472045.099783485,30.0,18,558.6933333333334,294,49,74,30,4,-34,0.584,0.207,0.096
2026-01-05,1627824,Guerschon Yabusele,NYK,1191207.2586942976,30.0,30,293.75166666666667,96,65,13,3,4,-6,0.538,0.145,0.057
2026-01-05,1630611,Gui Santos,GSW,2033843.7296065725,23.0,27,281.51166666666666,97,64,21,10,4,14,0.58,0.153,0.075
2026-01-05,203084,Harrison Barnes,SAS,9698285.929101113,33.0,35,1024.6716666666666,420,117,72,30,4,85,0.604,0.159,0.076
2026-01-05,1631127,Harrison Ingram,SAS,3009556.064831714,23.0,3,10.766666666666667,5,3,0,0,0,13,0.833,0.088,0.08
2026-01-05,1630529,Herbert Jones,NOP,3789967.3687333143,27.0,22,616.145,215,81,52,37,7,-66,0.517,0.158,0.059
2026-01-05,1642864,Hugo González,BOS,5432154.051761674,19.0,29,429.82,121,92,18,22,7,158,0.594,0.117,0.068
2026-01-05,1630621,Hunter Dickinson,NOP,2002678.1546154332,25.0,1,4.715,2,0,0,0,1,-12,0.5,0.333,-0.139
2026-01-05,1642282,Hunter Sallis,PHI,1796956.2141939327,22.0,7,25.673333333333332,7,1,4,0,1,-13,0.595,0.169,0.024
2026-01-05,1641816,Hunter Tyson,DEN,1516056.028375963,25.0,12,49.46666666666667,14,15,3,1,0,-4,0.32,0.167,0.073
2026-01-05,1630193,Immanuel Quickley,TOR,13186014.58757245,26.0,35,1129.785,568,148,221,39,4,61,0.563,0.208,0.113
2026-01-05,1642403,Isaac Jones,DET,2201590.697429745,25.0,4,18.233333333333334,5,2,1,0,0,-16,0.512,0.119,0.0
2026-01-05,1630171,Isaac Okoro,CHI,3170071.8273644405,24.0,27,662.9866666666667,237,71,37,15,14,-87,0.592,0.138,0.047
2026-01-05,1642268,Isaiah Collier,UTA,1120262.7165816987,21.0,26,595.775,219,63,171,18,10,-207,0.585,0.171,0.091
2026-01-05,1642384,Isaiah Crawford,HOU,2765564.695509232,24.0,2,4.616666666666666,0,0,0,0,0,2,0.0,0.1,-0.087
2026-01-05,1628392,Isaiah Hartenstein,OKC,10397153.877065662,27.0,24,644.54,269,249,71,27,18,175,0.656,0.163,0.143
2026-01-05,1630543,Isaiah Jackson,IND,2966464.7102234284,23.0,29,529.5716666666667,212,171,24,21,24,-75,0.626,0.153,0.097
2026-01-05,1630198,Isaiah Joe,OKC,8273753.382822327,26.0,27,547.58,277,70,40,14,4,131,0.66,0.175,0.097
2026-01-05,1630587,Isaiah Livers,PHX,3143346.492072681,27.0,18,200.975,38,38,13,8,6,69,0.479,0.092,0.044
2026-01-05,1630191,Isaiah Stewart,DET,7727108.151367005,24.0,32,742.745,317,180,37,8,66,45,0.612,0.163,0.093
2026-01-05,1627826,Ivica Zubac,LAC,9254816.364172602,28.0,29,916.8983333333333,441,319,71,12,28,-39,0.624,0.19,0.134
2026-01-05,1631120,JD Davison,HOU,661149.0253476785,23.0,16,90.39,25,6,15,4,2,-39,0.552,0.135,0.068
2026-01-05,1629630,Ja Morant,MEM,6714925.390324728,26.0,18,510.1666666666667,342,58,136,18,3,-77,0.506,0.307,0.12
2026-01-05,1642266,Ja'Kobe Walter,TOR,1322915.6461795561,21.0,33,586.9183333333333,200,69,28,31,4,-94,0.582,0.133,0.057
2026-01-05,1631095,Jabari Smith Jr.,HOU,14722650.822128536,22.0,31,1063.3183333333334,480,215,60,22,24,223,0.573,0.177,0.092
2026-01-05,1631133,Jabari Walker,PHI,1753374.8857110487,23.0,31,404.23833333333334,128,107,15,5,9,-17,0.535,0.133,0.061
2026-01-05,1631210,Jacob Toppin,ATL,2673569.452602944,25.0,5,16.866666666666667,8,1,1,0,1,13,0.667,0.14,0.181
2026-01-05,1630702,Jaden Hardy,DAL,3659980.642484755,23.0,25,273.495,145,33,16,6,2,49,0.556,0.222,0.067
2026-01-05,1631093,Jaden Ivey,DET,5327079.266546352,23.0,20,325.345,160,41,36,12,7,69,0.574,0.189,0.094
2026-01-05,1630183,Jaden McDaniels,MIN,12842449.481507108,25.0,34,1075.5616666666667,490,153,95,37,30,138,0.606,0.181,0.087
2026-01-05,1630256,Jae'Sean Tate,HOU,243436.5072836982,30.0,21,165.61,59,31,12,4,3,-67,0.598,0.131,0.077
2026-01-05,1642942,Jahmai Mashack,MEM,1699697.4240576434,23.0,6,20.86,6,5,2,1,0,-19,0.429,0.196,0.076
2026-01-05,1642443,Jahmir Young,MIA,1970240.2353802104,25.0,5,24.356666666666666,10,2,4,1,0,-17,0.455,0.191,0.035
2026-01-05,1643141,Jahmyl Telfort,LAC,1857480.1265666513,24.0,8,32.03333333333333,1,3,1,1,0,-7,0.087,0.093,-0.064
2026-01-05,1631170,Jaime Jaquez Jr.,MIA,14231698.567283878,24.0,34,989.0016666666667,550,179,159,27,7,137,0.585,0.217,0.122
2026-01-05,1631222,Jake LaRavia,LAL,5435660.727941423,24.0,33,862.1083333333333,318,142,66,44,15,-41,0.571,0.149,0.078
2026-01-05,1627751,Jakob Poeltl,TOR,5169197.917144044,30.0,21,531.0966666666667,204,162,45,16,11,-10,0.691,0.141,0.108
2026-01-05,1628973,Jalen Brunson,NYK,22611031.155919358,29.0,32,1133.79,937,105,207,25,2,151,0.592,0.309,0.139
2026-01-05,1631105,Jalen Duren,DET,15535990.644012086,22.0,31,880.4216666666666,555,330,53,29,28,172,0.667,0.222,0.16
2026-01-05,1630224,Jalen Green,PHX,3405687.827677167,23.0,2,29.776666666666667,31,4,4,2,0,37,0.615,0.37,0.154
2026-01-05,1630552,Jalen Johnson,ATL,17889445.617963802,24.0,33,1169.9666666666667,792,338,279,46,15,0,0.62,0.261,0.171
2026-01-05,1629618,Jalen Pickett,DEN,2515883.7093944033,26.0,20,247.86666666666667,75,36,36,5,3,14,0.557,0.135,0.078
2026-01-05,1630188,Jalen Smith,CHI,6669473.391331268,25.0,30,530.7116666666667,271,188,39,11,25,49,0.599,0.188,0.116
2026-01-05,1630591,Jalen Suggs,ORL,10516801.06512466,24.0,23,583.7333333333333,346,84,107,43,12,127,0.601,0.238,0.121
2026-01-05,1631114,Jalen Williams,OKC,10125582.750299778,24.0,17,501.5933333333333,293,90,93,25,7,132,0.541,0.256,0.135
2026-01-05,1630592,Jalen Wilson,BKN,516937.4140333972,25.0,23,319.37333333333333,113,24,11,8,0,-90,0.529,0.155,0.04
2026-01-05,1631288,Jamal Cain,ORL,2245993.2124336185,26.0,13,108.17166666666667,46,12,4,4,1,5,0.562,0.167,0.039
2026-01-05,1627750,Jamal Murray,DEN,22685074.419253588,28.0,34,1204.5116666666668,864,156,245,33,10,213,0.612,0.271,0.143
2026-01-05,1642347,Jamal Shead,TOR,6293030.548505853,23.0,36,737.785,241,65,192,35,5,82,0.49,0.162,0.083
2026-01-05,1631123,Jamaree Bouyea,PHX,4170772.961299691,26.0,19,279.6116666666667,145,39,33,12,7,21,0.647,0.177,0.137
2026-01-05,201935,James Harden,LAC,17789308.056228206,36.0,32,1132.0,822,154,256,39,10,4,0.616,0.294,0.15
2026-01-05,1630164,James Wiseman,IND,2570022.5381551418,24.0,4,58.461666666666666,13,8,3,0,1,-9,0.597,0.114,0.01
2026-01-05,1642364,Jamir Watkins,WAS,1204394.5699701994,24.0,14,161.69333333333333,41,34,6,4,3,-50,0.65,0.094,0.06
2026-01-05,1642419,Jamison Battle,TOR,2991082.1753861075,24.0,25,196.62833333333333,86,34,9,4,1,68,0.752,0.141,0.108
2026-01-05,1641716,Jarace Walker,IND,1363470.4527640792,22.0,36,841.905,323,154,66,20,12,-222,0.491,0.185,0.07
2026-01-05,1642272,Jared McCain,PHI,4476331.61842466,21.0,24,459.14166666666665,170,64,42,22,1,39,0.454,0.184,0.064
2026-01-05,1628991,Jaren Jackson Jr.,MEM,10316863.466904437,26.0,33,997.9766666666667,608,182,65,29,47,-109,0.573,0.243,0.099
2026-01-05,1629020,Jarred Vanderbilt,LAL,2275356.4306680704,26.0,24,465.555,123,130,32,21,9,-41,0.575,0.126,0.081
2026-01-05,1628386,Jarrett Allen,CLE,9920646.34680062,27.0,25,643.2366666666667,342,194,51,24,20,102,0.639,0.194,0.131
2026-01-05,1642859,Jase Richardson,ORL,3114393.4728024546,20.0,25,278.2416666666667,132,33,33,8,1,25,0.599,0.178,0.087
2026-01-05,1642914,Javon Small,MEM,2555029.2239565146,23.0,12,138.63166666666666,46,16,37,2,1,3,0.482,0.165,0.075
2026-01-05,1631451,Javonte Cooke,POR,2129727.241934462,26.0,5,30.651666666666667,7,3,5,1,0,-7,0.292,0.188,0.011
2026-01-05,1629750,Javonte Green,DET,5239580.728677306,32.0,35,667.5166666666667,240,97,30,43,12,61,0.561,0.14,0.081
2026-01-05,1629637,Jaxson Hayes,LAL,2606579.723585715,25.0,28,485.36833333333334,173,111,26,11,17,-52,0.776,0.107,0.102
2026-01-05,1630643,Jay Huff,IND,2267459.9585788604,28.0,36,698.2266666666667,279,139,48,12,80,-160,0.552,0.167,0.088
2026-01-05,1627759,Jaylen Brown,BOS,22273659.360743735,29.0,32,1084.02,963,201,159,35,14,106,0.602,0.357,0.159
2026-01-05,1641740,Jaylen Clark,MIN,2920268.9641919397,24.0,33,475.82666666666665,152,62,18,28,6,36,0.536,0.128,0.055
2026-01-05,1642377,Jaylen Wells,MEM,7756037.8923605615,22.0,35,966.515,440,122,64,33,3,-26,0.556,0.178,0.072
2026-01-05,1631119,Jaylin Williams,OKC,6901917.416368615,23.0,25,458.04833333333335,137,118,61,17,12,173,0.501,0.151,0.093
2026-01-05,1642281,Jaylon Tyson,CLE,8773503.542240651,23.0,32,874.115,419,178,61,33,19,9,0.619,0.174,0.092
2026-01-05,201145,Jeff Green,HOU,636474.8757555543,39.0,14,62.666666666666664,29,6,2,0,1,-49,0.63,0.162,0.076
2026-01-05,203924,Jerami Grant,POR,9270456.40558797,31.0,26,789.1,519,105,69,19,16,-87,0.603,0.237,0.102
2026-01-05,1642847,Jeremiah Fears,NOP,4648301.804000843,19.0,37,989.7166666666667,535,131,115,44,8,-273,0.523,0.243,0.084
2026-01-05,1630526,Jeremiah Robinson-Earl,IND,1208072.398455251,25.0,17,299.56666666666666,79,88,12,7,1,-75,0.443,0.13,0.065
2026-01-05,1631110,Jeremy Sochan,SAS,1256336.1780302105,22.0,21,309.12166666666667,104,65,26,10,4,-72,0.553,0.147,0.068
2026-01-05,1630579,Jericho Sims,MIL,-1596172.7485451964,27.0,28,417.5833333333333,89,109,18,6,5,-166,0.827,0.085,0.07
2026-01-05,1641724,Jett Howard,ORL,1946075.3934329047,22.0,24,251.61166666666668,111,31,19,4,3,-15,0.55,0.167,0.072
2026-01-05,1628975,Jevon Carter,CHI,1655822.4065524333,30.0,16,210.685,99,20,17,11,0,-62,0.58,0.181,0.076
2026-01-05,202710,Jimmy Butler III,GSW,15571096.340919333,36.0,31,980.5933333333334,605,170,155,44,7,130,0.646,0.219,0.152
2026-01-05,1642866,Joan Beringer,MIN,2002333.0377674152,19.0,12,52.835,18,17,0,1,5,8,0.628,0.125,0.082
2026-01-05,1629111,Jock Landale,MEM,6040992.801431922,30.0,33,735.9533333333334,364,196,53,16,16,-60,0.604,0.183,0.097
2026-01-05,204060,Joe Ingles,MIN,1926109.446173481,38.0,10,35.155,2,2,6,1,0,0,0.333,0.044,0.031
2026-01-05,203954,Joel Embiid,PHI,9532613.840870185,31.0,16,457.79,365,108,55,10,20,35,0.558,0.332,0.14
2026-01-05,1628381,John Collins,LAC,7972778.370223625,28.0,33,878.4216666666666,416,160,29,29,24,-9,0.623,0.185,0.091
2026-01-05,1629723,John Konchar,MEM,2337297.3414840237,29.0,22,286.23833333333334,67,59,27,19,7,16,0.61,0.085,0.101
2026-01-05,1641780,Johni Broome,PHI,1508334.365099464,23.0,7,39.745,10,13,4,2,0,-22,0.23,0.24,0.007
2026-01-05,1642277,Johnny Furphy,IND,1123669.06462895,21.0,18,257.96666666666664,81,49,7,9,0,-66,0.576,0.13,0.056
2026-01-05,1630548,Johnny Juzang,MIN,1875639.5082886964,24.0,13,46.44166666666667,30,9,4,1,0,14,0.58,0.237,0.122
2026-01-05,202685,Jonas Valančiūnas,DEN,4148961.573156259,33.0,33,438.41833333333335,280,154,41,7,20,-47,0.634,0.258,0.143
2026-01-05,1628371,Jonathan Isaac,ORL,1037174.8382656954,28.0,30,314.9816666666667,89,84,7,12,15,-16,0.514,0.125,0.085
2026-01-05,1630228,Jonathan Kuminga,GSW,4410200.896281318,23.0,18,445.565,212,111,46,5,6,-50,0.518,0.238,0.09
2026-01-05,1642367,Jonathan Mogbo,TOR,1693843.0949826364,24.0,13,61.77,13,15,6,2,3,-2,0.523,0.082,0.086
2026-01-05,203903,Jordan Clarkson,NYK,7228552.050357858,33.0,35,708.1816666666666,352,65,50,15,5,56,0.545,0.209,0.058
2026-01-05,1630692,Jordan Goodwin,PHX,7025497.686357395,27.0,32,692.1716666666666,295,146,68,45,5,63,0.514,0.188,0.098
2026-01-05,1641722,Jordan Hawkins,NOP,632070.6793896417,23.0,28,385.2366666666667,127,44,21,3,3,-72,0.429,0.175,0.035
2026-01-05,1629162,Jordan McLaughlin,SAS,1767389.437515319,29.0,14,93.66666666666667,38,10,12,7,0,-8,0.609,0.148,0.095
2026-01-05,1641757,Jordan Miller,LAC,1706812.1541724207,25.0,13,148.90333333333334,62,29,12,3,3,-44,0.664,0.168,0.107
2026-01-05,1629673,Jordan Poole,NOP,5572347.4626882225,26.0,18,499.4683333333333,300,34,67,12,8,-77,0.536,0.239,0.083
2026-01-05,1641775,Jordan Walsh,BOS,5658395.944565574,21.0,29,580.2133333333334,202,141,28,29,16,70,0.707,0.117,0.091
2026-01-05,1630631,Jose Alvarado,NOP,4010817.793374238,27.0,34,753.1233333333333,272,94,108,34,4,-55,0.562,0.155,0.08
2026-01-05,1630581,Josh Giddey,CHI,13025143.907006286,23.0,30,983.5166666666667,577,268,270,28,11,-21,0.578,0.251,0.153
2026-01-05,1630182,Josh Green,CHA,3127692.1604907024,25.0,11,177.175,55,19,13,8,0,15,0.613,0.111,0.068
2026-01-05,1628404,Josh Hart,NYK,9930539.081851805,30.0,28,848.8266666666667,343,225,142,38,8,90,0.611,0.165,0.124
2026-01-05,1631169,Josh Minott,BOS,4238720.55775691,23.0,29,510.3566666666667,184,115,32,24,11,27,0.646,0.133,0.097
2026-01-05,1629006,Josh Okogie,HOU,4630715.330342556,27.0,32,653.4983333333333,201,90,31,33,6,54,0.59,0.126,0.059
2026-01-05,201950,Jrue Holiday,POR,6390210.970366765,35.0,12,400.72333333333336,200,63,99,19,3,11,0.565,0.208,0.126
2026-01-05,1630577,Julian Champagnie,SAS,10432481.91762333,24.0,35,967.6683333333333,377,202,49,31,15,150,0.588,0.147,0.089
2026-01-05,1641763,Julian Phillips,CHI,1617726.7858852632,22.0,25,251.925,72,34,7,14,6,10,0.532,0.117,0.046
2026-01-05,1631124,Julian Strawther,DEN,1491353.6128254717,23.0,17,154.03833333333333,62,20,9,1,1,-22,0.472,0.194,0.047
2026-01-05,203944,Julius Randle,MIN,20360607.902671542,31.0,36,1210.1533333333334,803,250,206,40,5,170,0.601,0.256,0.142
2026-01-05,1630551,Justin Champagnie,WAS,1278305.7200187275,24.0,32,543.8166666666667,200,176,28,24,18,-127,0.564,0.141,0.098
2026-01-05,1642348,Justin Edwards,PHI,678004.0468718379,22.0,28,447.185,147,49,36,20,7,-101,0.505,0.15,0.046
2026-01-05,203994,Jusuf Nurkić,UTA,4429166.07153931,31.0,29,736.4183333333333,287,276,126,37,11,-119,0.547,0.18,0.11
2026-01-05,1642354,KJ Simpson,CHA,2239849.494995274,23.0,14,223.12666666666667,84,29,35,15,0,-32,0.437,0.222,0.063
2026-01-05,1642880,Kam Jones,IND,2877101.5105325608,23.0,7,45.656666666666666,17,3,4,2,0,26,0.567,0.142,0.074
2026-01-05,1626157,Karl-Anthony Towns,NYK,18962158.887538753,30.0,32,1049.68,703,377,93,28,21,182,0.611,0.255,0.147
2026-01-05,1631255,Karlo Matković,NOP,1619353.638696161,24.0,24,294.37666666666667,119,79,19,6,17,-58,0.673,0.141,0.11
2026-01-05,1642857,Kasparas Jakučionis,MIA,2597375.5805863133,19.0,11,164.48666666666668,47,21,12,8,0,-1,0.505,0.124,0.044
2026-01-05,202695,Kawhi Leonard,LAC,15457524.16342912,34.0,24,818.83,678,152,82,52,16,38,0.629,0.311,0.175
2026-01-05,1630811,Keaton Wallace,ATL,907059.8595815548,26.0,31,403.0233333333333,132,43,74,19,4,-64,0.544,0.15,0.081
2026-01-05,1631099,Keegan Murray,SAC,4357607.5304516805,25.0,19,683.0466666666666,277,116,29,23,30,-128,0.502,0.183,0.081
2026-01-05,1642276,Kel'el Ware,MIA,8363420.5030016815,21.0,36,901.7316666666667,448,382,19,34,46,-53,0.652,0.165,0.142
2026-01-05,1629640,Keldon Johnson,SAS,10428706.660884827,26.0,35,814.1883333333334,461,226,48,24,3,71,0.667,0.187,0.139
2026-01-05,203482,Kelly Olynyk,SAS,3425354.454210223,34.0,21,222.745,88,49,33,10,1,55,0.584,0.163,0.092
2026-01-05,1626162,Kelly Oubre Jr.,PHI,5886925.018620096,30.0,12,417.9433333333333,201,61,16,13,10,3,0.606,0.18,0.09
2026-01-05,1629026,Kenrich Williams,OKC,3826145.409547372,31.0,16,215.07833333333335,82,44,28,8,1,50,0.598,0.154,0.099
2026-01-05,203484,Kentavious Caldwell-Pope,MEM,5065398.969673623,32.0,34,743.365,288,81,106,29,7,-17,0.552,0.165,0.086
2026-01-05,1631165,Keon Ellis,SAC,-939504.2645995218,25.0,34,603.2483333333333,193,47,22,40,17,-191,0.526,0.139,0.044
2026-01-05,1642352,Keshad Johnson,MIA,2483633.0660824995,24.0,14,125.88166666666666,46,32,1,5,4,17,0.453,0.153,0.058
2026-01-05,201142,Kevin Durant,HOU,21596886.31776117,37.0,30,1080.7933333333333,771,149,138,22,30,251,0.644,0.257,0.147
2026-01-05,1628989,Kevin Huerter,CHI,6853216.454565669,27.0,30,727.4333333333333,359,115,72,24,19,-26,0.576,0.191,0.09
2026-01-05,201567,Kevin Love,UTA,2106127.326206879,37.0,20,341.76666666666665,143,107,39,7,7,-87,0.577,0.165,0.089
2026-01-05,1641755,Kevin McCullar Jr.,NYK,2018114.185903601,24.0,8,68.10666666666667,24,17,11,2,0,-20,0.625,0.152,0.08
2026-01-05,1629645,Kevin Porter Jr.,MIL,8376678.990699701,25.0,17,575.115,317,87,132,38,6,9,0.594,0.24,0.142
2026-01-05,1626172,Kevon Looney,NOP,1194763.7847110475,29.0,15,221.56,40,78,25,5,8,-58,0.42,0.1,0.076
2026-01-05,1641718,Keyonte George,UTA,14100528.639626281,22.0,33,1136.5883333333334,810,139,227,31,10,-149,0.611,0.277,0.125
2026-01-05,1642863,Khaman Maluach,PHX,1094763.5187022702,19.0,16,74.93333333333334,23,16,2,1,7,-13,0.534,0.157,0.034
2026-01-05,203114,Khris Middleton,WAS,3538192.9178817905,34.0,23,561.975,224,91,74,18,8,-88,0.542,0.172,0.073
2026-01-05,202691,Klay Thompson,DAL,5604151.677390325,35.0,33,717.5166666666667,365,84,42,14,10,-53,0.508,0.209,0.077
2026-01-05,1641738,Kobe Brown,LAC,134555.72918328055,26.0,23,240.55833333333334,77,42,22,7,2,-79,0.515,0.156,0.082
2026-01-05,1642920,Kobe Sanders,LAC,3439697.1664888393,23.0,26,498.6016666666667,159,55,37,16,3,9,0.587,0.145,0.048
2026-01-05,1642886,Koby Brea,PHX,2388068.170201649,23.0,2,7.816666666666666,4,1,2,0,0,-10,0.515,0.182,0.135
2026-01-05,1642851,Kon Knueppel,CHA,12887585.322899923,20.0,34,1125.595,661,173,119,22,7,-30,0.64,0.216,0.107
2026-01-05,1627739,Kris Dunn,LAC,3671770.258537057,31.0,34,912.91,277,100,101,51,6,-80,0.602,0.131,0.07
2026-01-05,1631200,Kris Murray,POR,1920398.6184928587,25.0,33,847.5283333333333,197,133,40,37,14,-86,0.536,0.099,0.054
2026-01-05,204001,Kristaps Porziņģis,ATL,7992326.850345281,30.0,15,371.37833333333333,269,83,43,8,21,49,0.611,0.258,0.133
2026-01-05,203937,Kyle Anderson,UTA,2819515.5585407997,32.0,10,193.13833333333332,82,31,29,15,5,-35,0.597,0.172,0.111
2026-01-05,1642271,Kyle Filipowski,UTA,4958154.791238786,22.0,33,743.7916666666666,310,202,70,18,18,-66,0.553,0.173,0.087
2026-01-05,1628398,Kyle Kuzma,MIL,7076473.621808922,30.0,34,896.275,436,166,77,24,17,-76,0.59,0.206,0.094
2026-01-05,200768,Kyle Lowry,PHI,2836465.4570552646,39.0,5,42.623333333333335,6,3,7,1,0,11,0.6,0.065,0.053
2026-01-05,1642273,Kyshawn George,WAS,4869384.931291248,22.0,27,859.6283333333333,405,153,137,28,24,-216,0.586,0.204,0.085
2026-01-05,1630163,LaMelo Ball,CHA,11386002.372277744,24.0,25,704.9166666666666,496,129,204,31,6,4,0.545,0.306,0.131
2026-01-05,1642950,Lachlan Olbrich,CHI,2347524.770265118,22.0,5,35.916666666666664,2,11,3,0,0,-6,0.167,0.087,-0.004
2026-01-05,1629013,Landry Shamet,NYK,4149641.12867297,28.0,15,313.815,139,30,18,6,3,4,0.644,0.144,0.081
2026-01-05,1626204,Larry Nance Jr.,CLE,1883584.757109531,33.0,16,240.37,57,45,20,9,4,-22,0.43,0.13,0.036
2026-01-05,1628374,Lauri Markkanen,UTA,16461661.800141672,28.0,29,1035.765,810,201,60,29,12,-23,0.614,0.265,0.139
2026-01-05,2544,LeBron James,LAL,8220649.895007676,41.0,17,566.6016666666667,361,89,114,16,10,-38,0.592,0.26,0.139
2026-01-05,1631159,Leonard Miller,MIN,1644484.4801104097,22.0,13,64.535,31,16,4,3,0,-4,0.552,0.205,0.079
2026-01-05,1642862,Liam McNeeley,CHA,2544575.900512167,20.0,24,301.35333333333335,103,56,21,5,2,14,0.572,0.138,0.069
2026-01-05,1630322,Lindy Waters III,SAS,1718533.698400289,28.0,19,131.565,43,18,6,4,0,13,0.545,0.121,0.062
2026-01-05,1628366,Lonzo Ball,CLE,4175080.3801491386,28.0,27,605.2583333333333,136,110,118,36,8,37,0.434,0.131,0.077
2026-01-05,1629652,Luguentz Dort,OKC,9079869.992292317,26.0,27,735.715,227,94,28,22,15,210,0.529,0.133,0.046
2026-01-05,1629029,Luka Dončić,LAL,20441411.793880012,26.0,26,946.5733333333334,875,211,225,39,15,48,0.609,0.367,0.186
2026-01-05,1630568,Luka Garza,BOS,5121936.9815941965,27.0,26,400.78833333333336,190,107,27,10,12,49,0.72,0.145,0.105
2026-01-05,1628379,Luke Kennard,ATL,4453037.448058746,29.0,32,647.4983333333333,230,66,73,23,1,10,0.658,0.128,0.082
2026-01-05,1628436,Luke Kornet,SAS,7260618.569555487,30.0,27,672.7383333333333,233,182,57,9,39,75,0.733,0.103,0.111
2026-01-05,1631247,Luke Travers,CLE,1362732.0787500597,24.0,12,103.09166666666667,28,24,9,7,4,-32,0.35,0.161,0.071
2026-01-05,1630644,Mac McClung,IND,2429526.3982423563,26.0,3,33.89,19,4,1,5,1,-13,0.481,0.216,0.069
2026-01-05,1631103,Malaki Branham,WAS,836423.3851066396,22.0,18,150.445,68,29,12,2,1,-57,0.571,0.189,0.094
2026-01-05,1628370,Malik Monk,SAC,4271904.961538554,27.0,29,625.01,331,57,64,23,11,-109,0.551,0.224,0.083
2026-01-05,1631204,Marcus Sasser,DET,2994924.3560552136,25.0,7,69.66666666666667,44,10,15,4,1,6,0.757,0.192,0.174
2026-01-05,203935,Marcus Smart,LAL,6494442.601680955,31.0,24,663.4966666666667,231,66,74,33,9,58,0.556,0.159,0.062
2026-01-05,1641813,Mark Sears,MIL,2108955.5380394356,23.0,7,26.081666666666667,22,2,2,0,0,12,0.666,0.344,0.078
2026-01-05,1631109,Mark Williams,PHX,8939757.466341006,24.0,30,713.4533333333334,380,246,32,36,26,37,0.702,0.169,0.154
2026-01-05,1628963,Marvin Bagley III,WAS,5095852.050572288,26.0,29,563.7733333333333,289,160,47,14,20,-50,0.678,0.173,0.12
2026-01-05,203486,Mason Plumlee,CHA,2155302.929393475,35.0,14,124.51666666666667,26,40,16,6,0,8,0.752,0.084,0.097
2026-01-05,1641824,Matas Buzelis,CHI,8621313.929227555,21.0,35,964.7433333333333,504,188,59,28,47,-77,0.591,0.205,0.089
2026-01-05,1629680,Matisse Thybulle,POR,3380305.90248735,28.0,4,48.766666666666666,20,4,3,10,0,23,0.85,0.102,0.148
2026-01-05,1631108,Max Christie,DAL,6038606.106572495,22.0,34,973.4616666666667,419,117,71,17,14,-105,0.662,0.152,0.09
2026-01-05,1628467,Maxi Kleber,LAL,2771262.4265108444,33.0,16,192.19,29,27,11,4,5,50,0.434,0.09,0.021
2026-01-05,1642875,Maxime Raynaud,SAC,2241472.201881293,22.0,28,640.5216666666666,290,178,30,12,15,-192,0.584,0.179,0.098
2026-01-05,1642877,Micah Peavy,NOP,568265.0450610775,24.0,31,460.10833333333335,135,66,29,17,3,-75,0.448,0.142,0.043
2026-01-05,1630695,Micah Potter,IND,3617695.0620061266,27.0,6,123.80333333333333,49,27,13,2,3,14,0.717,0.137,0.094
2026-01-05,1629008,Michael Porter Jr.,BKN,15212873.206846857,27.0,27,889.5283333333333,698,206,91,24,6,14,0.629,0.287,0.158
2026-01-05,1628969,Mikal Bridges,NYK,15298685.471881164,29.0,35,1235.5483333333334,567,160,155,58,31,164,0.614,0.166,0.111
2026-01-05,201144,Mike Conley,MIN,3425346.346865442,38.0,31,582.0116666666667,157,55,94,20,7,19,0.553,0.113,0.068
2026-01-05,1628970,Miles Bridges,CHA,11652674.059792085,27.0,34,1146.0383333333334,687,218,124,20,19,-129,0.557,0.24,0.117
2026-01-05,1642939,Miles Kelly,DAL,2759302.3504779316,22.0,2,11.266666666666667,2,4,0,0,0,-3,0.5,0.086,0.03
2026-01-05,1630540,Miles McBride,NYK,9985393.299984625,25.0,24,644.985,298,63,57,17,5,168,0.624,0.162,0.086
2026-01-05,1629011,Mitchell Robinson,NYK,4226769.782852267,27.0,23,424.89666666666665,102,197,26,21,25,47,0.629,0.09,0.103
2026-01-05,1628964,Mo Bamba,TOR,2506982.556677289,27.0,2,5.85,0,2,0,0,1,-9,0.0,0.118,-0.089
2026-01-05,1642885,Mohamed Diawara,NYK,-123020.78086248718,20.0,27,143.30166666666668,57,26,14,8,4,-39,0.52,0.173,0.072
2026-01-05,1628420,Monte Morris,IND,1962052.25461576,30.0,6,64.61666666666666,18,7,9,1,1,-29,0.414,0.141,0.076
2026-01-05,1630541,Moses Moody,GSW,8650733.468765566,23.0,34,840.27,366,113,53,32,23,82,0.56,0.174,0.073
2026-01-05,1631243,Mouhamed Gueye,ATL,3032113.7088356726,23.0,35,541.5333333333333,168,118,30,22,21,18,0.534,0.134,0.07
2026-01-05,1630619,Moussa Cisse,DAL,1589342.011116301,23.0,20,200.21,59,69,3,5,20,-20,0.571,0.129,0.065
2026-01-05,1631217,Moussa Diabaté,CHA,5269751.3017422315,23.0,32,744.2133333333334,254,259,42,26,29,-14,0.646,0.12,0.111
2026-01-05,1626167,Myles Turner,MIL,9408827.937828992,29.0,36,1038.5716666666667,446,195,58,26,59,17,0.566,0.178,0.084
2026-01-05,1642066,Myron Gardner,MIA,1995684.7113079114,24.0,10,49.21333333333333,22,12,4,3,0,-5,0.583,0.14,0.066
2026-01-05,1642368,N'Faly Dante,ATL,2702677.808408023,24.0,4,15.416666666666666,3,7,0,2,0,10,0.338,0.119,0.116
2026-01-05,1641772,Nae'Qwan Tomlin,CLE,4325505.309744036,25.0,26,395.905,163,79,15,18,19,46,0.541,0.168,0.079
2026-01-05,1630230,Naji Marshall,DAL,6943154.194075621,27.0,36,1023.0683333333334,475,165,93,35,3,-113,0.63,0.167,0.104
2026-01-05,1629675,Naz Reid,MIN,11979464.908534456,26.0,36,951.1583333333333,515,224,86,32,31,77,0.579,0.213,0.12
2026-01-05,1629674,Neemias Queta,BOS,10160335.17627627,26.0,32,787.055,322,245,47,25,42,154,0.663,0.147,0.124
2026-01-05,1629651,Nic Claxton,BKN,6834793.175561212,26.0,31,934.17,420,242,131,24,40,-135,0.614,0.177,0.131
2026-01-05,1630208,Nick Richards,PHX,448377.02601273195,28.0,26,249.59,85,90,8,3,14,-61,0.523,0.169,0.067
2026-01-05,1641733,Nick Smith Jr.,LAL,3311882.1158852675,21.0,16,261.17,123,17,20,8,2,-4,0.547,0.202,0.062
2026-01-05,1629638,Nickeil Alexander-Walker,ATL,14462217.7701927,27.0,35,1150.0816666666667,725,118,113,35,21,-4,0.589,0.242,0.096
2026-01-05,201587,Nicolas Batum,LAC,2207044.3472684836,37.0,33,682.3733333333333,165,86,26,27,14,-27,0.611,0.097,0.051
2026-01-05,1628502,Nigel Hayes-Davis,PHX,-591811.6813230923,31.0,22,176.84666666666666,31,28,7,7,1,-72,0.361,0.115,0.026
2026-01-05,203999,Nikola Jokić,DEN,28121902.875853922,30.0,32,1105.94,948,389,351,44,24,304,0.713,0.292,0.229
2026-01-05,1631107,Nikola Jović,MIA,6835948.373418848,22.0,25,496.15,226,99,78,17,10,85,0.522,0.204,0.09
2026-01-05,202696,Nikola Vučević,CHI,10143036.611655312,35.0,34,1031.28,560,302,120,24,15,-88,0.589,0.212,0.127
2026-01-05,1642363,Nique Clifford,SAC,949780.319188925,23.0,32,598.295,178,93,44,21,8,-105,0.501,0.147,0.047
2026-01-05,1642855,Noa Essengue,CHI,2169370.460702659,19.0,2,6.033333333333333,0,0,0,1,0,-15,0.0,0.188,-0.095
2026-01-05,1641730,Noah Clowney,BKN,7861779.736799492,21.0,33,930.2983333333333,437,129,60,24,27,-38,0.567,0.208,0.068
2026-01-05,1642869,Noah Penda,ORL,2391816.72825488,20.0,21,223.90166666666667,83,75,23,6,6,4,0.557,0.152,0.099
2026-01-05,1642849,Nolan Traore,BKN,1814934.8192871022,19.0,13,193.27333333333334,53,13,27,6,4,-32,0.435,0.165,0.038
2026-01-05,1626181,Norman Powell,MIA,17486552.70258666,32.0,31,962.36,757,116,83,41,7,105,0.637,0.266,0.129
2026-01-05,1628384,OG Anunoby,NYK,11538552.041486531,28.0,25,813.5733333333334,388,141,54,45,19,143,0.576,0.195,0.086
2026-01-05,1630167,Obi Toppin,IND,3040503.599912687,27.0,3,82.15666666666667,42,20,5,3,0,-8,0.526,0.232,0.102
2026-01-05,1630534,Ochai Agbaji,TOR,1995427.7002962257,25.0,28,455.82,125,65,23,14,6,-16,0.491,0.124,0.045
2026-01-05,1641765,Olivier-Maxence Prosper,MEM,1198412.65579403,23.0,19,199.47666666666666,87,38,15,3,1,-60,0.637,0.152,0.095
2026-01-05,1630168,Onyeka Okongwu,ATL,9879272.43735871,25.0,36,1137.975,584,278,117,37,37,-120,0.589,0.2,0.106
2026-01-05,1631115,Orlando Robinson,ORL,2472430.540120456,25.0,4,24.816666666666666,7,4,3,1,0,-11,0.7,0.081,0.074
2026-01-05,1631131,Oscar Tshiebwe,UTA,2840595.1845659274,26.0,1,14.783333333333333,2,6,1,1,0,-3,0.225,0.108,0.045
2026-01-05,1642345,Oso Ighodaro,PHX,5422000.793871993,23.0,35,676.9416666666667,183,158,61,29,19,102,0.601,0.117,0.079
2026-01-05,1631172,Ousmane Dieng,OKC,2830908.8894850016,22.0,17,213.335,74,30,15,1,5,19,0.581,0.145,0.068
2026-01-05,1629023,P.J. Washington,DAL,7251891.452290579,27.0,30,941.405,442,223,56,31,43,-116,0.545,0.202,0.103
2026-01-05,1641790,PJ Hall,CHA,2257853.8496792554,23.0,12,108.78833333333333,46,36,5,1,6,-8,0.612,0.165,0.086
2026-01-05,1642359,Pacôme Dadiet,NYK,1496324.32513341,20.0,12,38.425,4,8,5,1,0,-5,0.225,0.088,0.053
2026-01-05,1631094,Paolo Banchero,ORL,11854413.066933855,23.0,26,868.2233333333334,546,223,122,17,20,-22,0.55,0.27,0.135
2026-01-05,1627783,Pascal Siakam,IND,13984633.966218218,31.0,35,1187.5,832,234,133,45,14,-155,0.568,0.279,0.134
2026-01-05,1626192,Pat Connaughton,CHA,2276202.952550849,32.0,16,127.655,55,25,8,5,1,10,0.642,0.146,0.129
2026-01-05,1630311,Pat Spencer,GSW,3519956.0542373913,29.0,24,373.0,153,53,79,17,1,2,0.501,0.194,0.098
2026-01-05,1630172,Patrick Williams,CHI,716030.6051017942,24.0,33,621.62,222,95,39,26,10,-153,0.501,0.162,0.057
2026-01-05,202331,Paul George,PHI,8090050.201219433,35.0,17,499.0683333333333,270,94,58,21,8,61,0.556,0.226,0.112
2026-01-05,1630194,Paul Reed,DET,3949040.2285371944,26.0,27,293.44166666666666,151,108,28,21,16,41,0.648,0.184,0.144
2026-01-05,1630202,Payton Pritchard,BOS,14975117.022962404,27.0,34,1120.9333333333334,570,150,180,28,3,152,0.566,0.205,0.114
2026-01-05,1641796,Pelle Larsson,MIA,6754973.136205871,24.0,28,623.4316666666666,265,75,94,17,6,56,0.582,0.164,0.083
2026-01-05,1631250,Pete Nance,MIL,2310280.6975111943,25.0,9,31.538333333333334,18,7,1,0,0,20,0.643,0.213,0.17
2026-01-05,1631212,Peyton Watson,DEN,11092373.63095738,23.0,33,920.44,390,152,49,32,31,160,0.601,0.167,0.075
2026-01-05,1630173,Precious Achiuwa,SAC,1260341.3233233604,26.0,29,572.065,206,151,34,24,12,-146,0.514,0.153,0.086
2026-01-05,1629656,Quentin Grimes,PHI,10353860.05643027,25.0,31,1002.255,454,122,130,32,16,36,0.592,0.182,0.097
2026-01-05,1631245,Quenton Jackson,IND,3728169.264668043,27.0,14,210.42833333333334,100,30,26,8,1,22,0.601,0.19,0.1
2026-01-05,1642366,Quinten Post,GSW,7622837.364452551,25.0,36,664.265,287,149,53,20,19,122,0.557,0.18,0.09
2026-01-05,1629628,RJ Barrett,TOR,9742011.00317512,25.0,20,603.655,387,99,72,15,4,40,0.603,0.242,0.115
2026-01-05,1642853,Rasheer Fleming,PHX,1188616.0496814034,21.0,19,134.22833333333332,49,23,3,5,5,-15,0.438,0.168,0.045
2026-01-05,1642484,RayJ Dennis,ATL,1469948.8422745282,24.0,14,171.78333333333333,64,23,26,3,4,-50,0.421,0.203,0.054
2026-01-05,1641712,Rayan Rupert,POR,307190.9695639667,21.0,29,283.9316666666667,64,47,15,8,2,-23,0.434,0.118,0.038
2026-01-05,1642263,Reed Sheppard,HOU,12711606.512894845,21.0,32,826.375,425,89,110,49,20,199,0.587,0.194,0.109
2026-01-05,1642434,Riley Minix,SAS,2716919.872419362,25.0,3,8.266666666666667,9,2,1,1,0,13,0.75,0.222,0.257
2026-01-05,1642265,Rob Dillingham,MIN,917500.657534305,21.0,29,296.28833333333336,110,35,53,16,3,-36,0.42,0.219,0.059
2026-01-05,1629057,Robert Williams III,POR,2448753.3884862536,28.0,23,372.7183333333333,139,147,21,13,32,-67,0.706,0.12,0.155
2026-01-05,1631199,Ron Harper Jr.,BOS,2700475.957361871,25.0,4,20.2,8,3,4,1,2,13,0.4,0.189,0.09
2026-01-05,1641842,Ronald Holland II,DET,7098232.981252053,20.0,33,680.215,270,136,48,47,8,104,0.502,0.182,0.083
2026-01-05,1626220,Royce O'Neale,PHX,6588299.822504991,32.0,35,1031.345,353,174,97,43,11,-22,0.593,0.139,0.079
2026-01-05,203497,Rudy Gobert,MIN,12891236.481494574,33.0,36,1137.95,406,399,64,21,60,183,0.691,0.124,0.122
2026-01-05,1629060,Rui Hachimura,LAL,7233167.085503997,27.0,27,877.0616666666666,344,102,24,16,6,5,0.63,0.143,0.069
2026-01-05,201566,Russell Westbrook,SAC,5981495.753097491,37.0,36,1043.6433333333334,527,238,247,52,7,-263,0.522,0.245,0.112
2026-01-05,1642346,Ryan Dunn,PHX,5121071.353186531,22.0,28,626.425,197,142,51,32,17,39,0.522,0.146,0.077
2026-01-05,1641750,Ryan Kalkbrenner,CHA,3455375.770995635,23.0,26,665.0333333333333,226,167,16,18,47,-99,0.792,0.107,0.099
2026-01-05,1642948,Ryan Nembhard,DAL,3577806.9663227545,22.0,23,472.37,176,40,117,6,0,-36,0.549,0.177,0.083
2026-01-05,1631157,Ryan Rollins,MIL,13167372.226954171,23.0,36,1139.415,620,154,207,57,13,15,0.59,0.231,0.115
2026-01-05,1630180,Saddiq Bey,NOP,7274351.744054734,26.0,34,1015.77,513,199,78,32,2,-146,0.55,0.193,0.105
2026-01-05,1630573,Sam Hauser,BOS,6248693.111528613,28.0,34,739.3783333333333,253,120,41,18,11,84,0.546,0.141,0.073
2026-01-05,1630241,Sam Merrill,CLE,7231125.442478385,29.0,19,493.36833333333334,253,44,47,13,3,56,0.658,0.171,0.082
2026-01-05,1630572,Sandro Mamukelashvili,TOR,8945546.418838723,26.0,35,742.41,366,175,65,25,22,89,0.627,0.175,0.121
2026-01-05,1630583,Santi Aldama,MEM,9343867.34494302,24.0,35,982.9683333333334,499,237,108,34,24,-50,0.566,0.194,0.115
2026-01-05,1630567,Scottie Barnes,TOR,16710650.868173601,24.0,36,1226.4133333333334,689,309,189,50,55,75,0.585,0.228,0.142
2026-01-05,203552,Seth Curry,GSW,3145129.589489936,35.0,2,32.09,14,4,3,2,0,6,0.778,0.11,0.112
2026-01-05,1631101,Shaedon Sharpe,POR,12356130.238970594,22.0,32,942.7133333333334,683,141,76,48,5,-60,0.537,0.303,0.106
2026-01-05,1628983,Shai Gilgeous-Alexander,OKC,32221220.903243255,27.0,35,1160.95,1115,157,224,52,23,435,0.674,0.32,0.214
2026-01-05,1630536,Sharife Cooper,WAS,2184384.137374233,24.0,4,9.9,0,0,0,0,0,-13,0.0,0.105,-0.125
2026-01-05,1631321,Sidy Cissoko,POR,2782504.2861097264,21.0,31,633.6766666666666,182,70,48,18,8,-25,0.51,0.132,0.032
2026-01-05,1631323,Simone Fontecchio,MIA,4777922.484665188,30.0,34,582.3533333333334,289,95,52,15,5,-14,0.551,0.191,0.083
2026-01-05,1642883,Sion James,CHA,2364173.030639934,23.0,35,908.5766666666667,230,118,60,23,14,-88,0.572,0.104,0.058
2026-01-05,1642461,Spencer Jones,DEN,4789200.429676453,24.0,31,667.8033333333333,190,86,30,29,12,62,0.662,0.106,0.048
2026-01-05,201939,Stephen Curry,GSW,16686203.437149515,37.0,26,833.6416666666667,748,101,112,31,12,42,0.642,0.318,0.146
2026-01-05,1642264,Stephon Castle,SAS,12388353.34657765,21.0,26,804.16,465,131,185,33,7,89,0.58,0.255,0.115
2026-01-05,203500,Steven Adams,HOU,7694246.847734594,32.0,25,541.8183333333334,149,211,35,17,14,186,0.541,0.123,0.102
2026-01-05,1629004,Svi Mykhailiuk,UTA,4125246.44323375,28.0,32,794.0933333333334,289,82,62,17,3,-67,0.614,0.129,0.069
2026-01-05,204456,T.J. McConnell,IND,4255114.66506166,33.0,24,407.895,234,60,111,26,5,-52,0.576,0.236,0.163
2026-01-05,1643007,Taelon Peter,IND,747597.0949953934,23.0,21,122.16833333333334,33,19,14,3,2,-11,0.45,0.15,0.052
2026-01-05,1631106,Tari Eason,HOU,7389314.578376914,24.0,18,421.15833333333336,218,101,26,20,11,88,0.64,0.188,0.114
2026-01-05,1627752,Taurean Prince,MIL,3328382.547513746,31.0,8,168.93333333333334,49,13,8,6,2,13,0.623,0.108,0.042
2026-01-05,1641707,Taylor Hendricks,UTA,1281940.7406031536,22.0,23,348.20166666666665,124,73,17,10,6,-81,0.617,0.127,0.081
2026-01-05,1629611,Terance Mann,BKN,3657342.5725881774,29.0,30,788.2283333333334,241,105,113,23,9,-75,0.56,0.132,0.071
2026-01-05,1630545,Terrence Shannon Jr.,MIN,588849.171300923,25.0,22,281.99,100,28,14,7,1,-82,0.538,0.152,0.042
2026-01-05,203648,Thanasis Antetokounmpo,MIL,2099420.8969876533,33.0,11,28.653333333333332,18,5,0,3,3,19,0.694,0.194,0.125
2026-01-05,1628418,Thomas Bryant,CLE,1759320.2800771056,28.0,28,271.66833333333335,135,77,12,7,11,-33,0.632,0.168,0.123
2026-01-05,1642275,Tidjane Salaün,CHA,4552513.287982647,20.0,21,358.2416666666667,148,87,19,11,6,41,0.655,0.144,0.109
2026-01-05,203501,Tim Hardaway Jr.,DEN,10683140.012325075,33.0,35,942.0116666666667,474,82,49,15,3,93,0.628,0.172,0.082
2026-01-05,202699,Tobias Harris,DET,7324586.706273089,33.0,23,631.1666666666666,309,105,57,14,6,15,0.566,0.182,0.1
2026-01-05,1642449,Tolu Smith,DET,2799193.61864007,25.0,2,22.253333333333334,17,11,2,1,1,-2,0.767,0.207,0.273
2026-01-05,1628396,Tony Bradley,IND,-96411.68708922074,27.0,29,310.9,114,76,15,3,5,-98,0.603,0.137,0.063
2026-01-05,1641787,Tosan Evbuomwan,NYK,2324616.763185059,24.0,5,7.713333333333333,0,2,0,0,0,-8,0.0,0.048,-0.043
2026-01-05,1641739,Toumani Camara,POR,7574801.911909873,25.0,36,1203.405,459,189,99,37,15,-78,0.549,0.163,0.061
2026-01-05,1629027,Trae Young,ATL,5101372.811010609,27.0,10,280.10333333333335,193,15,89,10,1,-37,0.577,0.268,0.118
2026-01-05,1631218,Trayce Jackson-Davis,GSW,2324949.144736702,25.0,25,338.66,124,100,27,9,18,-30,0.614,0.132,0.106
2026-01-05,1642848,Tre Johnson,WAS,4953994.095021985,19.0,27,641.8833333333333,330,79,45,15,10,-88,0.588,0.203,0.082
2026-01-05,1630200,Tre Jones,CHI,6390740.186640226,25.0,29,778.7833333333333,352,80,154,40,6,-63,0.623,0.167,0.113
2026-01-05,1630544,Tre Mann,CHA,1818727.9795036856,24.0,23,429.99833333333333,184,63,58,13,3,-111,0.445,0.23,0.053
2026-01-05,1630570,Trendon Watford,PHI,4400854.727957695,25.0,14,285.75666666666666,125,65,50,6,3,12,0.618,0.168,0.103
2026-01-05,1642280,Trentyn Flowers,CHI,2353126.2911028615,20.0,2,5.55,4,1,1,0,0,-2,0.667,0.25,0.128
2026-01-05,1641725,Trey Alexander,NOP,2801535.2247590222,22.0,4,39.81,14,4,5,1,1,1,0.778,0.111,0.101
2026-01-05,1641998,Trey Jemison III,NYK,2347547.829532886,26.0,6,37.9,7,10,1,0,2,-8,1.017,0.065,0.046
2026-01-05,1630530,Trey Murphy III,NOP,10401456.505386723,25.0,34,1206.14,703,209,119,54,8,-203,0.631,0.206,0.122
2026-01-05,1641774,Tristan Vukcevic,WAS,853524.4544023536,22.0,26,302.835,176,65,25,7,14,-125,0.567,0.243,0.094
2026-01-05,1641783,Tristan da Silva,ORL,6304763.75209367,24.0,32,749.3366666666667,300,121,37,24,7,32,0.551,0.165,0.079
2026-01-05,1629639,Tyler Herro,MIA,5208284.968326141,25.0,6,190.99166666666667,139,30,14,6,3,14,0.629,0.248,0.138
2026-01-05,1642278,Tyler Kolek,NYK,3970994.159838923,24.0,31,410.63666666666666,160,57,89,14,3,54,0.538,0.173,0.098
2026-01-05,1631213,Tyrese Martin,BKN,1680586.8271649596,26.0,29,565.9766666666667,216,87,65,19,3,-125,0.494,0.184,0.078
2026-01-05,1630178,Tyrese Maxey,PHI,21844715.753491424,25.0,31,1234.3566666666666,964,142,219,55,28,54,0.607,0.289,0.161
2026-01-05,1642878,Tyrese Proctor,CLE,1235048.1729857912,21.0,26,289.2866666666667,126,34,35,8,0,-51,0.477,0.205,0.071
2026-01-05,1630623,Tyson Etienne,BKN,2345576.101858042,26.0,8,34.4,12,0,1,0,0,19,0.4,0.186,-0.041
2026-01-05,1626145,Tyus Jones,ORL,7078.147424239408,29.0,36,585.775,120,40,86,25,3,-74,0.493,0.095,0.068
2026-01-05,1642845,VJ Edgecombe,PHI,11841795.461384138,20.0,29,1031.2966666666666,478,154,113,41,15,73,0.54,0.194,0.088
2026-01-05,1641705,Victor Wembanyama,SAS,15839119.689626504,22.0,21,624.66,511,246,71,17,61,174,0.631,0.311,0.211
2026-01-05,1631246,Vince Williams Jr.,MEM,5689522.993054846,25.0,22,481.31666666666666,162,93,108,18,12,65,0.452,0.192,0.085
2026-01-05,1642884,Vladislav Goldin,MIA,3266465.415613404,24.0,1,0.9116666666666666,0,0,1,0,0,6,0.0,0.0,0.182
2026-01-05,1630249,Vít Krejčí,ATL,6303930.699371071,25.0,33,795.605,351,75,54,26,9,-15,0.691,0.143,0.078
2026-01-05,1631117,Walker Kessler,UTA,4313735.250853197,24.0,5,153.98,72,54,15,7,9,14,0.786,0.167,0.138
2026-01-05,1642383,Walter Clayton Jr.,UTA,2693494.743978329,22.0,30,500.77666666666664,198,59,92,14,6,-58,0.568,0.163,0.08
2026-01-05,1628976,Wendell Carter Jr.,ORL,10441401.95100426,26.0,35,1063.2766666666666,437,272,71,25,23,67,0.633,0.153,0.097
2026-01-05,1631111,Wendell Moore Jr.,DET,3492726.114416915,24.0,3,43.055,6,4,3,2,1,32,0.5,0.073,0.058
2026-01-05,1642954,Will Richard,GSW,4654467.194944112,23.0,31,604.5516666666666,254,87,35,32,2,-2,0.661,0.143,0.086
2026-01-05,1642860,Will Riley,WAS,768731.4786700062,19.0,28,353.09,134,54,34,11,4,-79,0.515,0.172,0.076
2026-01-05,1630214,Xavier Tillman,BOS,1908944.9550375638,26.0,11,103.22333333333333,31,24,5,6,2,-17,0.554,0.129,0.079
2026-01-05,1642905,Yang Hansen,POR,1106171.3052973943,20.0,19,152.05166666666668,46,35,14,1,8,-20,0.395,0.188,0.034
2026-01-05,1642949,Yanic Konan Niederhäuser,LAC,2625012.981251358,22.0,18,158.31666666666666,60,39,6,2,8,30,0.649,0.15,0.084
2026-01-05,1642274,Yves Missi,NOP,2300116.077899705,21.0,29,512.105,150,150,31,10,36,-53,0.575,0.118,0.08
2026-01-05,1642258,Zaccharie Risacher,ATL,6641804.817423942,20.0,34,830.6083333333333,362,107,48,31,18,-7,0.539,0.176,0.062
2026-01-05,1628380,Zach Collins,CHI,4197801.458782527,28.0,10,183.73666666666668,97,56,15,2,4,18,0.666,0.177,0.123
2026-01-05,1641744,Zach Edey,MEM,7441330.215047485,23.0,11,283.8516666666667,150,122,12,7,21,113,0.669,0.2,0.157
2026-01-05,203897,Zach LaVine,SAC,5918646.813664777,30.0,24,789.3616666666667,484,72,56,17,4,-213,0.62,0.233,0.095
2026-01-05,1630192,Zeke Nnaji,DEN,-328224.8094242342,24.0,22,203.28166666666667,58,35,6,6,6,-91,0.638,0.109,0.062
2026-01-05,1630533,Ziaire Williams,BKN,2037175.936916796,24.0,28,626.5183333333333,259,68,19,31,15,-149,0.577,0.169,0.068
2026-01-05,1629627,Zion Williamson,NOP,8531467.441170836,25.0,21,598.5216666666666,479,123,68,24,12,-108,0.622,0.287,0.151
