Player,Baseline_AAV,Type,Prev Team,Live_AAV_2026-01-04,Live_AAV_2026-01-05
A.J. Lawson,4503622.244718946,RFA / Two-Way,TOR,2204919.5898147444,2204919.5898147444
AJ Green,,,,,7387545.843849771
AJ Johnson,,,,,1392703.531939807
Aaron Gordon,,,,,10164135.247746145
Aaron Holiday,4550937.937970593,UFA / Bird,HOU,4038212.0413707336,3844954.485096323
Aaron Nesmith,,,,,4601649.896821912
Aaron Wiggins,,,,,8405603.126381444
Ace Bailey,,,,,2930753.359319463
Adem Bona,,,,,3243573.665612149
Adou Thiero,,,,,1402530.787124266
Ajay Mitchell,,,,,16051159.000042351
Al Horford,17061305.36755498,PLAYER / $6.0M,GSW,2319943.425362846,2314286.714532239
Alex Caruso,,,,,7452053.564096351
Alex Sarr,,,,,6625413.804160179
Alijah Martin,,,,,2821631.9859337783
Alperen Sengun,,,,,17918794.25852199
Amari Williams,,,,,2239058.28587485
Amen Thompson,,,,,17961242.34583934
Amir Coffey,7824496.704234293,UFA / Non-Bird,MIL,191445.4799396012,191445.4799396012
Andre Drummond,173723.20582755853,UFA / Early Bird,PHI,4457521.946779619,4457521.946779619
Andre Jackson Jr.,-344381.09237358865,CLUB / $2.4M,MIL,1209375.6467661448,1209375.6467661448
Andrew Nembhard,,,,,4828601.928587115
Andrew Wiggins,17758968.465650406,PLAYER / $30.2M,MIA,11457970.023377176,11639775.118780505
Anfernee Simons,20010403.698482186,UFA / Bird,BOS,11180784.299980702,11773440.019507688
Anthony Black,,,,,11870821.92215786
Anthony Davis,,,,,8377650.294958971
Anthony Edwards,,,,,19299098.152334716
Anthony Gill,-2160313.0584615907,UFA / Bird,WAS,1304189.448210754,1413620.5839419563
Antonio Reeves,851547.5156278481,RFA / Two-Way,CHA,3140741.5917815887,3140741.5917815887
Ariel Hukporti,-191628.8720875231,RFA / Early Bird,NYK,1232005.3611033498,1084105.1041475995
Asa Newell,,,,,2458805.2666749456
Ausar Thompson,,,,,8787261.740497418
Austin Reaves,31970497.488017015,PLAYER / $14.9M,LAL,14842235.41439988,14842235.41439988
Ayo Dosunmu,5917708.958485296,UFA / Bird,CHI,6807144.387786935,6838195.794127647
Bam Adebayo,,,,,13099602.754771734
Baylor Scheierman,,,,,2075056.6903623585
Ben Saraf,,,,,2463369.813152882
Ben Sheppard,,,,,1751470.3374334483
Bennedict Mathurin,21858582.93058871,RFA / Bird,IND,5378171.568596809,5383828.279427416
Bilal Coulibaly,,,,,2680600.160651851
Bismack Biyombo,1227623.1195293274,UFA / Early Bird,SAS,1404659.5160724765,1404659.5160724763
Blake Wesley,579255.0199123938,UFA / Non-Bird,POR,2763684.5626175823,2763684.5626175823
Bobby Portis,,,,,6531788.882887302
Bobi Klintman,,,,,2060204.6899396125
Bogdan Bogdanović,,,,,3700218.159132556
Bones Hyland,,,,,4856505.755036594
Bradley Beal,11175570.218474884,PLAYER / $5.6M,LAC,2489092.2739427644,2489092.2739427644
Branden Carlson,2457617.5394559857,RFA / Two-Way,OKC,3573784.175010556,3237119.135733189
Brandin Podziemski,,,,,9234064.371203467
Brandon Clarke,,,,,2411870.593192558
Brandon Ingram,,,,,16749897.216797013
Brandon Miller,,,,,7960358.9360240195
Brandon Williams,5041052.950120631,UFA / Bird,DAL,6867616.310482669,7281868.758664989
Brice Sensabaugh,,,,,2673078.4183119647
Bronny James,,,,,1418975.7223462395
Brook Lopez,20737356.378612693,CLUB / $9.2M,LAC,3359677.2798511717,3005855.822358149
Brooks Barnhizer,,,,,80727.1413007666
Bruce Brown,,,,,3933831.0923838443
Bryce McGowens,1097936.786003671,RFA / Two-Way,NOP,2638500.899268362,2611759.643719502
Bub Carrington,,,,,574106.7801811595
Buddy Hield,,,,,2416251.4789562267
CJ McCollum,,,,,8826254.054902509
Cade Cunningham,,,,,23691245.426777117
Caleb Houstan,-410004.2533776621,RFA / Two-Way,ATL,1848539.7619709151,1704098.72300922
Caleb Love,,,,,3048632.3858507066
Caleb Martin,,,,,-1019139.0425284362
Cam Christie,,,,,2024994.884929659
Cam Spencer,,,,,9081053.35889503
Cam Thomas,,,,,5060595.002972734
Cam Whitmore,,,,,1216041.324649315
Cameron Johnson,,,,,10906449.65130609
Caris LeVert,,,,,5527462.449922198
Carter Bryant,,,,,643231.9775515045
Cason Wallace,,,,,12220213.249152299
Cedric Coward,,,,,9848839.715798208
Charles Bassey,,,,,2718788.731823195
Chaz Lanier,,,,,1970192.7884874889
Chet Holmgren,,,,,19085416.63133022
Chris Boucher,8045966.16881079,UFA / Non-Bird,BOS,2564393.68004963,2564393.68004963
Chris Livingston,300094.17391757114,RFA,CLE,2711693.2869921667,2711693.2869921667
Chris Mañon,,,,,2971571.56563439
Chris Paul,12380396.41459516,UFA / Non-Bird,LAC,492211.4438960835,492211.4438960835
Chris Youngblood,,,,,547460.8593336473
Christian Braun,,,,,6353760.448703017
Christian Koloko,,,,,2530647.070083338
Chucky Hepburn,,,,,2076943.5601298623
Clint Capela,,,,,2426771.996745893
Coby White,24858845.696874782,UFA / Bird,CHI,7746856.279482119,7746856.279482119
Cody Martin,,,,,2067214.4190931902
Cody Williams,,,,,1256671.0242284245
Colby Jones,,,,,3004497.309239705
Cole Anthony,8954943.336938411,UFA / Non-Bird,MIL,2094524.1515666803,2094524.1515666805
Colin Castleton,2199321.789693474,RFA / Two-Way,ORL,,
Collin Gillespie,2764893.161535922,UFA / Early Bird,PHX,12522101.671161288,12766707.425525976
Collin Murray-Boyles,,,,,3836535.329100627
Collin Sexton,15048685.388364742,UFA / Bird,CHA,8115881.334210115,8263140.052237385
Cooper Flagg,,,,,10835492.67077455
Corey Kispert,,,,,3109490.68775805
Craig Porter Jr.,26267.085325915752,CLUB / $2.4M,CLE,4466799.434629114,4433488.228131638
Curtis Jones,,,,,2200276.7660984164
D'Angelo Russell,13023879.471946351,PLAYER / $6.0M,DAL,4701799.074267548,4701799.074267548
DaRon Holmes II,,,,,2327711.1439667274
Daeqwon Plowden,3520307.2587025934,RFA / Two-Way,SAC,2430179.7220423743,2430179.7220423743
Dalen Terry,-2141973.391876728,RFA / Bird,CHI,1595841.2197610645,1581729.5755249907
Dalton Knecht,,,,,1648805.0479117346
Daniel Gafford,,,,,3769606.051985678
Daniss Jenkins,1690969.266546828,RFA / Two-Way,DET,4497807.870873571,5147601.100880123
Danny Wolf,,,,,3526159.4859727346
Dario Šarić,,,,,2472286.0641431618
Darius Garland,,,,,7554351.509562493
David Jones Garcia,,,,,3062494.0459748874
Davion Mitchell,,,,,9918203.943820102
Day'Ron Sharpe,8009925.90128206,CLUB / $6.3M,BKN,4060224.625263705,4683722.803324068
De'Aaron Fox,,,,,14178577.910527106
De'Andre Hunter,,,,,8748799.936369868
De'Anthony Melton,3901931.715681571,PLAYER / $3.5M,GSW,4386466.835280468,4513225.595322583
DeAndre Jordan,643942.6989195724,UFA / Non-Bird,NOP,2381392.197255672,2381392.197255672
DeMar DeRozan,,,,,7186961.442081809
Dean Wade,9358560.797383502,UFA / Bird,CLE,3883812.6809881497,3883812.6809881497
Deandre Ayton,8498730.317408346,PLAYER / $8.1M,LAL,8389197.943340043,8771781.527298922
Deni Avdija,,,,,20108172.009770237
Dennis Schröder,,,,,4060688.0184632875
Dereck Lively II,,,,,3271656.667456383
Derik Queen,,,,,7316922.49031221
Derrick Jones Jr.,,,,,4176125.8373022825
Derrick White,,,,,17459177.297643166
Desmond Bane,,,,,15961717.776027571
Devin Booker,,,,,19579887.083581116
Devin Carter,,,,,2189818.742280185
Devin Vassell,,,,,12684686.655004928
Dillon Brooks,,,,,11896482.591653747
Domantas Sabonis,,,,,2668927.1966181635
Dominick Barlow,1950000.114287172,UFA / Two-Way,PHI,4541643.461588761,4673446.607665439
Donovan Clingan,,,,,8117762.49738665
Donovan Mitchell,,,,,25331647.979068004
Donte DiVincenzo,,,,,14137454.969936047
Dorian Finney-Smith,,,,,3391498.295664044
Doug McDermott,1147173.294069211,UFA / Early Bird,SAC,2263746.5279141674,2269403.2387447744
Drake Powell,,,,,1747803.912536879
Draymond Green,16931681.48316379,PLAYER / $27.7M,GSW,6887777.633923266,6651569.410106213
Drew Eubanks,-280572.9481792959,UFA / Non-Bird,SAC,473977.9581071866,607514.0898050371
Drew Peterson,,,,,2135702.0063621174
Drew Timme,2817395.2048155274,RFA / Two-Way,LAL,2665886.1327531864,2665886.1327531864
Dru Smith,,,,,4290770.528697707
Duncan Robinson,,,,,10410450.738228263
Duop Reath,387065.99367472355,RFA / Bird,POR,-40270.315017194866,-40270.315017194866
Dwight Powell,-1036509.5121226652,UFA / Bird,DAL,2281747.7320406307,2281747.7320406307
Dylan Cardwell,,,,,2934332.6607983285
Dylan Harper,,,,,7971136.651507078
Dyson Daniels,,,,,9274338.295411881
E.J. Liddell,1674187.2587925317,RFA / Two-Way,BKN,2466214.237915816,2494497.79206885
Egor Dëmin,,,,,5710056.941765201
Elijah Harkless,3063793.0701302104,RFA / Two-Way,UTA,2844864.478051861,2844864.478051861
Emanuel Miller,2168975.7880951636,RFA / Two-Way,CHI,2100063.9878301932,2100063.9878301932
Enrique Freeman,861566.9957560402,RFA / Two-Way,MIN,,
Eric Gordon,2575517.548577172,UFA / Early Bird,PHI,2192916.2833121098,2192916.2833121098
Ethan Thompson,,,,,2871554.1899453565
Evan Mobley,,,,,14596889.233293124
Franz Wagner,,,,,13089620.92928885
Fred VanVleet,21101878.813317724,PLAYER / $25.0M,HOU,,
GG Jackson,,,,,2545396.2858578344
Gabe Vincent,5196105.353392915,UFA / Bird,LAL,3156821.4572677547,3156821.4572677547
Garrett Temple,105764.68485156135,UFA / Bird,TOR,1328844.9461667077,1328844.9461667077
Garrison Mathews,,,,,2680897.573034045
Gary Harris,2086945.6695055692,PLAYER / $3.8M,MIL,1290908.3374490768,1088524.626662724
Gary Payton II,5390764.673584315,UFA / Bird,GSW,1250423.3619846937,1372042.1990908545
Gary Trent Jr.,13032088.369707802,PLAYER / $3.9M,MIL,1725970.807704009,1790756.0409059143
Georges Niang,14666151.064616898,UFA / Bird,BOS,,
Giannis Antetokounmpo,,,,,17571936.125805203
Goga Bitadze,,,,,4285555.558038996
Gradey Dick,,,,,4639398.814521713
Grayson Allen,,,,,6472045.099783485
Guerschon Yabusele,9932389.948704071,PLAYER / $5.8M,NYK,1372922.5603305737,1191207.2586942976
Gui Santos,4946366.880623169,RFA / Bird,GSW,2058259.055514858,2033843.7296065725
Harrison Barnes,14906502.652632354,UFA / Bird,SAS,9435662.12775817,9698285.929101113
Harrison Ingram,3194127.7857706305,RFA / Two-Way,SAS,3009556.064831714,3009556.064831714
Haywood Highsmith,6530565.631231888,UFA / Bird,BKN,,
Herbert Jones,,,,,3789967.3687333143
Hugo González,,,,,5432154.051761674
Hunter Dickinson,,,,,2002678.1546154332
Hunter Sallis,,,,,1796956.2141939327
Hunter Tyson,-2521660.175635375,CLUB / $2.4M,DEN,1516056.028375963,1516056.028375963
Immanuel Quickley,,,,,13186014.58757245
Isaac Jones,-494872.883497051,RFA / Non-Bird,DET,2201590.697429745,2201590.697429745
Isaac Okoro,,,,,3170071.8273644405
Isaiah Collier,,,,,1120262.7165816987
Isaiah Crawford,1765628.2375472488,RFA / Two-Way,HOU,2765564.695509232,2765564.695509232
Isaiah Hartenstein,21381830.457500342,CLUB / $28.5M,OKC,10397153.877065662,10397153.877065662
Isaiah Jackson,,,,,2966464.7102234284
Isaiah Joe,,,,,8273753.382822327
Isaiah Livers,,,,,3143346.492072681
Isaiah Stevens,2561673.728332095,RFA / Two-Way,SAC,,
Isaiah Stewart,,,,,7727108.151367005
Ivica Zubac,,,,,9254816.364172602
JD Davison,,,,,661149.0253476785
Ja Morant,,,,,6714925.390324728
Ja'Kobe Walter,,,,,1322915.6461795561
Jabari Smith Jr.,,,,,14722650.822128536
Jabari Walker,2919930.778706392,RFA / Two-Way,PHI,1832708.5323014625,1753374.8857110487
Jackson Rowe,3079662.4233253505,RFA / Two-Way,GSW,,
Jacob Toppin,,,,,2673569.452602944
Jaden Hardy,,,,,3659980.642484755
Jaden Ivey,9716146.798016597,RFA / Bird,DET,4994782.04044898,5327079.266546352
Jaden McDaniels,,,,,12842449.481507108
Jae'Sean Tate,,,,,243436.5072836982
Jahmai Mashack,,,,,1699697.4240576434
Jahmir Young,,,,,1970240.2353802104
Jahmyl Telfort,,,,,1857480.1265666513
Jaime Jaquez Jr.,,,,,14231698.567283878
Jake LaRavia,,,,,5435660.727941423
Jakob Poeltl,,,,,5169197.917144044
Jalen Brunson,,,,,22611031.155919358
Jalen Duren,17676091.827400066,RFA / Bird,DET,15535990.644012086,15535990.644012086
Jalen Green,,,,,3405687.827677167
Jalen Johnson,,,,,17889445.617963802
Jalen Pickett,2724181.472055938,CLUB / $2.4M,DEN,2410598.058276881,2515883.7093944033
Jalen Smith,,,,,6669473.391331268
Jalen Suggs,,,,,10516801.06512466
Jalen Williams,,,,,10125582.750299778
Jalen Wilson,4771042.0459842635,RFA / Bird,BKN,514109.0586180945,516937.4140333972
Jamal Cain,-84189.04948225168,RFA / Two-Way,ORL,2370635.7634881884,2245993.2124336185
Jamal Murray,,,,,22685074.419253588
Jamal Shead,1810904.5153069953,CLUB / $2.3M,TOR,6194287.987383362,6293030.548505853
Jamal Shead,1810904.5153069953,CLUB / $2.3M,TOR,6194287.987383362,6293030.548505853
Jamal Shead,1810904.5153069953,RFA / Bird,TOR,6194287.987383362,6293030.548505853
Jamal Shead,1810904.5153069953,RFA / Bird,TOR,6194287.987383362,6293030.548505853
Jamaree Bouyea,2651224.5987734385,RFA / Two-Way,PHX,4434319.503240555,4170772.961299691
James Harden,43323302.073400185,PLAYER / $42.3M,LAC,17946200.77696928,17789308.056228206
James Wiseman,,,,,2570022.5381551418
Jamir Watkins,,,,,1204394.5699701994
Jamison Battle,,,,,2991082.1753861075
Jarace Walker,,,,,1363470.4527640792
Jared McCain,,,,,4476331.61842466
Jaren Jackson Jr.,,,,,10316863.466904437
Jarred Vanderbilt,,,,,2275356.4306680704
Jarrett Allen,,,,,9920646.34680062
Jase Richardson,,,,,3114393.4728024546
Javon Small,,,,,2555029.2239565146
Javonte Cooke,,,,,2129727.241934462
Javonte Green,-1538093.2780096247,UFA / Non-Bird,DET,5083568.501314152,5239580.728677306
Jaxson Hayes,7261717.513616856,UFA / Bird,LAL,2691569.161075002,2606579.723585715
Jay Huff,,,,,2267459.9585788604
Jaylen Brown,,,,,22273659.360743735
Jaylen Clark,2415700.0101665147,RFA / Bird,MIN,2586441.5246562124,2920268.9641919397
Jaylen Wells,,,,,7756037.8923605615
Jaylin Williams,,,,,6901917.416368615
Jaylon Tyson,,,,,8773503.542240651
Jeff Green,1891034.1889431032,UFA / Bird,HOU,636474.8757555543,636474.8757555543
Jerami Grant,,,,,9270456.40558797
Jeremiah Fears,,,,,4648301.804000843
Jeremiah Robinson-Earl,,,,,1208072.398455251
Jeremy Sochan,9158008.041387549,RFA / Bird,SAS,1256336.1780302103,1256336.1780302105
Jericho Sims,-187253.27568451877,PLAYER / $2.8M,MIL,-1590516.037714589,-1596172.7485451964
Jett Howard,-592640.1185537477,UFA / Bird,ORL,2073546.299902779,1946075.3934329047
Jevon Carter,2388112.309695186,UFA / Bird,CHI,1655822.4065524333,1655822.4065524333
Jimmy Butler III,,,,,15571096.340919333
Joan Beringer,,,,,2002333.0377674152
Jock Landale,1874894.0027854757,UFA / Non-Bird,MEM,5943947.623555503,6040992.801431922
Joe Ingles,1006875.8714334002,UFA / Early Bird,MIN,2153123.961885596,1926109.446173481
Joel Embiid,,,,,9532613.840870185
John Collins,15017674.919779118,UFA / Bird,LAC,7876786.143582946,7972778.370223625
John Konchar,,,,,2337297.3414840237
Johni Broome,,,,,1508334.365099464
Johnny Furphy,,,,,1123669.06462895
Johnny Juzang,270102.0637838067,UFA / Two-Way,MIN,2088653.0052171457,1875639.5082886964
Jonas Valančiūnas,,,,,4148961.573156259
Jonathan Isaac,,,,,1037174.8382656954
Jonathan Kuminga,13236330.24988504,CLUB / $24.3M,GSW,4410200.896281318,4410200.896281318
Jonathan Mogbo,218753.5412166787,CLUB / $2.3M,TOR,1693843.0949826364,1693843.0949826364
Jordan Clarkson,7450154.673240143,UFA / Non-Bird,NYK,7286685.645522526,7228552.050357858
Jordan Goodwin,3026887.414894128,UFA / Early Bird,PHX,6427021.861199263,7025497.686357395
Jordan Hawkins,,,,,632070.6793896417
Jordan McLaughlin,541271.2448387374,UFA / Early Bird,SAS,1767389.437515319,1767389.437515319
Jordan Miller,316189.7593703801,RFA / Two-Way,LAC,1938167.1910635664,1706812.1541724207
Jordan Poole,,,,,5572347.4626882225
Jordan Walsh,-1116917.4435317034,CLUB / $2.4M,BOS,4957140.920473929,5658395.944565574
Jose Alvarado,5022731.6327132685,PLAYER / $4.5M,NOP,3891070.088696663,4010817.793374238
Josh Giddey,,,,,13025143.907006286
Josh Green,,,,,3127692.1604907024
Josh Hart,,,,,9930539.081851805
Josh Minott,-613097.8824853421,CLUB / $2.6M,BOS,4345006.030859045,4238720.55775691
Josh Okogie,3995626.7938506817,UFA / Non-Bird,HOU,4824040.021677257,4630715.330342556
Jrue Holiday,,,,,6390210.970366765
Julian Champagnie,10002592.584611531,CLUB / $3.0M,SAS,10176276.777209347,10432481.91762333
Julian Phillips,1947104.14462942,CLUB / $2.4M,CHI,2004927.4816604848,1617726.7858852632
Julian Strawther,,,,,1491353.6128254717
Julius Randle,,,,,20360607.902671542
Justin Champagnie,,,,,1278305.7200187275
Justin Edwards,,,,,678004.0468718379
Jusuf Nurkić,,,,,4429166.07153931
KJ Simpson,,,,,2239849.494995274
Kam Jones,,,,,2877101.5105325608
Karl-Anthony Towns,,,,,18962158.887538753
Karlo Matković,,,,,1619353.638696161
Kasparas Jakučionis,,,,,2597375.5805863133
Kawhi Leonard,,,,,15457524.16342912
Keaton Wallace,2658719.725009807,RFA / Non-Bird,ATL,1058243.9723883905,907059.8595815548
Keegan Murray,,,,,4357607.5304516805
Kel'el Ware,,,,,8363420.5030016815
Keldon Johnson,,,,,10428706.660884827
Kelly Olynyk,5581529.395827566,UFA / Bird,SAS,3468157.0141186905,3425354.454210223
Kelly Oubre Jr.,10925322.134780155,UFA / Bird,PHI,5886925.018620096,5886925.018620096
Kenrich Williams,11266073.455882875,CLUB / $7.2M,OKC,3886982.13982423,3826145.409547372
Kentavious Caldwell-Pope,8998019.673694687,PLAYER / $21.6M,MEM,5310115.392313096,5065398.969673623
Keon Ellis,9875679.663022382,UFA / Bird,SAC,-624024.6586898952,-939504.2645995218
Keshad Johnson,1941392.453258136,RFA / Early Bird,MIA,2483633.0660824995,2483633.0660824995
Kevin Durant,,,,,21596886.31776117
Kevin Huerter,12108029.76904727,UFA / Bird,CHI,6711576.568039797,6853216.454565669
Kevin Love,2178465.3848194564,UFA / Bird,UTA,2135869.415688985,2106127.326206879
Kevin McCullar Jr.,2548842.18076685,RFA / Two-Way,NYK,2231197.518709359,2018114.185903601
Kevin Porter Jr.,12190819.467398437,PLAYER / $5.4M,MIL,7561116.276324058,8376678.990699701
Kevon Looney,5352808.437257096,CLUB / $8.0M,NOP,1189107.073880441,1194763.7847110475
Keyonte George,,,,,14100528.639626281
Khaman Maluach,,,,,1094763.5187022702
Khris Middleton,9361846.51722306,UFA / Bird,WAS,3565274.1439516395,3538192.9178817905
Klay Thompson,,,,,5604151.677390325
Kobe Brown,,,,,134555.72918328055
Kobe Sanders,,,,,3439697.1664888393
Koby Brea,,,,,2388068.170201649
Kon Knueppel,,,,,12887585.322899923
Kris Dunn,,,,,3671770.258537057
Kris Murray,,,,,1920398.6184928587
Kristaps Porziņģis,,,,,7992326.850345281
Kyle Anderson,,,,,2819515.5585407997
Kyle Filipowski,,,,,4958154.791238786
Kyle Kuzma,,,,,7076473.621808922
Kyle Lowry,798393.6698725001,UFA / Early Bird,PHI,2836465.4570552646,2836465.4570552646
Kyshawn George,,,,,4869384.931291248
LaMelo Ball,,,,,11386002.372277744
Lachlan Olbrich,,,,,2347524.770265118
Landry Shamet,4547034.103489349,UFA / Bird,NYK,4149641.12867297,4149641.12867297
Larry Nance Jr.,2747176.5372158964,UFA / Non-Bird,CLE,1883584.757109531,1883584.757109531
Lauri Markkanen,,,,,16461661.800141672
LeBron James,33908336.95072145,UFA / Bird,LAL,7594622.66389352,8220649.895007676
Leonard Miller,1121928.3478570734,CLUB / $2.4M,MIN,1913814.6447387,1644484.4801104097
Liam McNeeley,,,,,2544575.900512167
Lindy Waters III,2535122.8882548525,UFA / Non-Bird,SAS,1805145.9038984128,1718533.698400289
Lonzo Ball,7207513.935525333,CLUB / $10.0M,CLE,4648185.333864808,4175080.3801491386
Luguentz Dort,22027712.16970931,CLUB / $18.2M,OKC,9030962.054680288,9079869.992292317
Luka Dončić,,,,,20441411.793880012
Luka Garza,,,,,5121936.9815941965
Luke Kennard,10982400.481800493,UFA / Non-Bird,ATL,4453037.448058746,4453037.448058746
Luke Kornet,,,,,7260618.569555487
Luke Travers,1692433.8435794837,RFA / Two-Way,CLE,1362732.0787500597,1362732.0787500597
Mac McClung,,,,,2429526.3982423563
Malaki Branham,1172400.9731252668,RFA / Bird,WAS,651687.6411444078,836423.3851066396
Malik Monk,,,,,4271904.961538554
Marcus Sasser,,,,,2994924.3560552136
Marcus Smart,6539617.260342635,PLAYER / $5.4M,LAL,6394287.33142083,6494442.601680955
Mark Sears,,,,,2108955.5380394356
Mark Williams,7661073.350325057,RFA / Bird,PHX,9085044.8897213,8939757.466341006
Marvin Bagley III,1758160.862658167,UFA / Non-Bird,WAS,5556595.668140315,5095852.050572288
Mason Plumlee,4322709.29933044,UFA / Non-Bird,CHA,2155302.929393475,2155302.929393475
Matas Buzelis,,,,,8621313.929227555
Matisse Thybulle,3746123.831970582,UFA / Bird,POR,3380305.90248735,3380305.90248735
Max Christie,,,,,6038606.106572495
Maxi Kleber,1179270.232499463,UFA / Bird,LAL,2771262.4265108444,2771262.4265108444
Maxime Raynaud,,,,,2241472.201881293
Micah Peavy,,,,,568265.0450610775
Micah Potter,215250.5166658752,CLUB / $2.8M,IND,3683044.0190396584,3617695.0620061266
Michael Porter Jr.,,,,,15212873.206846857
Mikal Bridges,,,,,15298685.471881164
Mike Conley,13959423.941483166,UFA / Bird,MIN,3247025.2989165913,3425346.346865442
Miles Bridges,,,,,11652674.059792085
Miles Kelly,,,,,2759302.3504779316
Miles McBride,,,,,9985393.299984625
Mitchell Robinson,3657987.171676057,UFA / Bird,NYK,4506994.645295455,4226769.782852267
Mo Bamba,,,,,2506982.556677289
Mohamed Diawara,,,,,-123020.78086248718
Monte Morris,,,,,1962052.25461576
Moritz Wagner,7292870.235804227,UFA / Bird,ORL,,
Moses Moody,,,,,8650733.468765566
Mouhamed Gueye,5426926.79787054,CLUB / $2.4M,ATL,3194829.687998736,3032113.7088356726
Moussa Cisse,,,,,1589342.011116301
Moussa Diabaté,,,,,5269751.3017422315
Myles Turner,,,,,9408827.937828992
Myron Gardner,,,,,1995684.7113079114
N'Faly Dante,2786226.448159243,RFA / Early Bird,ATL,2702677.808408023,2702677.808408023
Nae'Qwan Tomlin,,,,,4325505.309744036
Naji Marshall,,,,,6943154.194075621
Naz Reid,,,,,11979464.908534456
Neemias Queta,,,,,10160335.17627627
Nic Claxton,,,,,6834793.175561212
Nick Richards,4168131.1641874113,UFA / Bird,PHX,448377.02601273195,448377.02601273195
Nick Smith Jr.,530756.1234288737,RFA / Two-Way,LAL,3530817.215702055,3311882.1158852675
Nickeil Alexander-Walker,,,,,14462217.7701927
Nicolas Batum,4174359.98791077,CLUB / $5.9M,LAC,2433547.151065394,2207044.3472684836
Nigel Hayes-Davis,,,,,-591811.6813230923
Nikola Jokić,,,,,28121902.875853922
Nikola Jović,,,,,6835948.373418848
Nikola Vučević,,,,,10143036.611655312
Nique Clifford,,,,,949780.319188925
Noa Essengue,,,,,2169370.460702659
Noah Clowney,,,,,7861779.736799492
Noah Penda,,,,,2391816.72825488
Nolan Traore,,,,,1814934.8192871022
Norman Powell,30839272.835041,UFA / Bird,MIA,16204875.94464574,17486552.70258666
OG Anunoby,,,,,11538552.041486531
Obi Toppin,,,,,3040503.599912687
Ochai Agbaji,5896696.494944755,RFA / Bird,TOR,2225045.359195475,1995427.7002962257
Olivier-Maxence Prosper,-1110138.246014492,RFA / Two-Way,MEM,1198412.65579403,1198412.65579403
Onyeka Okongwu,,,,,9879272.43735871
Orlando Robinson,3024804.272031708,UFA / Non-Bird,ORL,2472430.540120455,2472430.540120456
Oscar Tshiebwe,3557872.494792973,RFA / Two-Way,UTA,2840595.184565928,2840595.1845659274
Oso Ighodaro,,,,,5422000.793871993
Ousmane Dieng,2461924.4058080893,RFA / Bird,OKC,2830908.8894850016,2830908.8894850016
P.J. Washington,,,,,7251891.452290579
PJ Hall,,,,,2257853.8496792554
Pacôme Dadiet,,,,,1496324.32513341
Paolo Banchero,,,,,11854413.066933855
Pascal Siakam,,,,,13984633.966218218
Pat Connaughton,2686576.783079779,UFA / Bird,CHA,2276202.952550849,2276202.952550849
Pat Spencer,-197420.79368417055,RFA / Two-Way,GSW,3505814.277160874,3519956.0542373913
Patrick Williams,,,,,716030.6051017942
Paul George,,,,,8090050.201219433
Paul Reed,,,,,3949040.2285371944
Payton Pritchard,,,,,14975117.022962404
Pelle Larsson,1963958.1295778065,CLUB / $2.3M,MIA,6046897.283468743,6754973.136205871
Pete Nance,1912716.2363411048,RFA / Two-Way,MIL,2310280.6975111933,2310280.6975111943
Peyton Watson,7366233.076475991,RFA / Bird,DEN,10913253.924336074,11092373.63095738
Precious Achiuwa,4289471.762280604,UFA / Non-Bird,SAC,1564397.8252584003,1260341.3233233604
Quentin Grimes,13209406.457697691,UFA / Bird,PHI,10115523.135269152,10353860.05643027
Quenton Jackson,3052617.7257570727,RFA / Two-Way,IND,3725340.909252739,3728169.264668043
Quinten Post,6295386.408713335,RFA / Early Bird,GSW,7128140.62142626,7622837.364452551
RJ Barrett,,,,,9742011.00317512
Rasheer Fleming,,,,,1188616.0496814034
RayJ Dennis,2910830.369148578,RFA / Two-Way,ATL,1469948.8422745282,1469948.8422745282
Rayan Rupert,-2012816.5701331208,RFA / Bird,POR,296140.9382205813,307190.9695639667
Reed Sheppard,,,,,12711606.512894845
Riley Minix,,,,,2716919.872419362
Rob Dillingham,,,,,917500.657534305
Robert Williams III,3284630.9236671696,UFA / Bird,POR,2440268.3222403433,2448753.3884862536
Ron Harper Jr.,2658686.0416907324,UFA / Two-Way,BOS,2700475.9573618714,2700475.957361871
Ronald Holland II,,,,,7098232.981252053
Royce O'Neale,,,,,6588299.822504991
Rudy Gobert,,,,,12891236.481494574
Rui Hachimura,16438972.112468272,UFA / Bird,LAL,7233167.085503997,7233167.085503997
Russell Westbrook,17659915.615721624,UFA / Non-Bird,SAC,5832404.071808859,5981495.753097491
Ryan Dunn,,,,,5121071.353186531
Ryan Kalkbrenner,,,,,3455375.770995635
Ryan Nembhard,,,,,3577806.9663227545
Ryan Rollins,,,,,13167372.226954171
Saddiq Bey,,,,,7274351.744054734
Sam Hauser,,,,,6248693.111528613
Sam Merrill,,,,,7231125.442478385
Sandro Mamukelashvili,3380465.2734468225,PLAYER / $2.8M,TOR,8124875.507497455,8945546.418838723
Santi Aldama,,,,,9343867.34494302
Scottie Barnes,,,,,16710650.868173601
Seth Curry,637246.3286213991,UFA / Non-Bird,GSW,3145129.5894899354,3145129.589489936
Shaedon Sharpe,,,,,12356130.238970594
Shai Gilgeous-Alexander,,,,,32221220.903243255
Sharife Cooper,,,,,2184384.137374233
Sidy Cissoko,970845.6745981288,RFA / Two-Way,WAS,2659535.482555494,2782504.2861097264
Simone Fontecchio,4029827.826269613,UFA / Bird,MIA,5282391.33670993,4777922.484665188
Sion James,,,,,2364173.030639934
Spencer Jones,66739.58799511802,RFA / Two-Way,DEN,5074885.235601051,4789200.429676453
Stephen Curry,,,,,16686203.437149515
Stephon Castle,,,,,12388353.34657765
Steven Adams,,,,,7694246.847734594
Svi Mykhailiuk,,,,,4125246.44323375
T.J. McConnell,,,,,4255114.66506166
Taelon Peter,,,,,747597.0949953934
Tari Eason,14962537.14765564,RFA / Bird,HOU,6880170.399848575,7389314.578376914
Taurean Prince,7920847.333557354,PLAYER / $3.8M,MIL,3328382.547513746,3328382.547513746
Taylor Hendricks,,,,,1281940.7406031536
Terance Mann,,,,,3657342.5725881774
Terrence Shannon Jr.,,,,,588849.171300923
Terry Rozier,7740384.990530365,UFA / Bird,MIA,,
Thanasis Antetokounmpo,,,,,2099420.8969876533
Thomas Bryant,4077952.273149543,UFA / Non-Bird,CLE,1949194.301836189,1759320.2800771056
Tidjane Salaün,,,,,4552513.287982647
Tim Hardaway Jr.,12490608.45566422,UFA / Non-Bird,DEN,10056239.269705584,10683140.012325075
Tobias Harris,21195690.13674371,UFA / Early Bird,DET,7324586.706273089,7324586.706273089
Tolu Smith,,,,,2799193.61864007
Tony Bradley,3383323.9537875024,UFA / Early Bird,IND,-8493.51762680264,-96411.68708922074
Tosan Evbuomwan,4215739.900320175,RFA / Two-Way,NYK,2324616.763185059,2324616.763185059
Toumani Camara,,,,,7574801.911909873
Trae Young,38155799.00505996,PLAYER / $49.0M,ATL,5101372.811010609,5101372.811010609
Trayce Jackson-Davis,4135635.573503624,CLUB / $2.4M,GSW,2051988.1408631315,2324949.144736702
Tre Johnson,,,,,4953994.095021985
Tre Jones,,,,,6390740.186640226
Tre Mann,,,,,1818727.9795036856
Trendon Watford,6394210.242325726,CLUB / $2.8M,PHI,4400854.727957695,4400854.727957695
Trentyn Flowers,2060128.4194050329,RFA / Two-Way,CHI,2353126.2911028615,2353126.2911028615
Trey Alexander,-45830.61759897655,RFA / Two-Way,NOP,2972932.246280151,2801535.2247590222
Trey Jemison III,,,,,2347547.829532886
Trey Murphy III,,,,,10401456.505386723
Tristan Vukcevic,3292108.9674174446,RFA / Two-Way,WAS,679073.3959684676,853524.4544023536
Tristan da Silva,,,,,6304763.75209367
Tyler Herro,,,,,5208284.968326141
Tyler Kolek,,,,,3970994.159838923
Tyrese Martin,2254828.124899067,RFA / Early Bird,BKN,1683415.1825802634,1680586.8271649596
Tyrese Maxey,,,,,21844715.753491424
Tyrese Proctor,,,,,1235048.1729857912
Tyson Etienne,1693712.2989989822,RFA / Two-Way,BKN,2345576.101858042,2345576.101858042
Tyus Jones,11146425.06184984,UFA / Non-Bird,ORL,-177905.94134266983,7078.147424239408
VJ Edgecombe,,,,,11841795.461384138
Victor Wembanyama,,,,,15839119.689626504
Vince Williams Jr.,,,,,5689522.993054846
Vladislav Goldin,,,,,3266465.415613404
Vít Krejčí,,,,,6303930.699371071
Walker Kessler,6542879.782780704,RFA / Bird,UTA,4313735.250853197,4313735.250853197
Walter Clayton Jr.,,,,,2693494.743978329
Wendell Carter Jr.,,,,,10441401.95100426
Wendell Moore Jr.,-746141.2792374988,RFA / Two-Way,DET,3492726.114416915,3492726.114416915
Will Richard,,,,,4654467.194944112
Will Riley,,,,,768731.4786700062
Xavier Tillman,-671406.0454350983,UFA / Bird,BOS,1908944.955037564,1908944.9550375638
Yang Hansen,,,,,1106171.3052973943
Yanic Konan Niederhäuser,,,,,2625012.981251358
Yves Missi,,,,,2300116.077899705
Zaccharie Risacher,,,,,6641804.817423942
Zach Collins,4394076.940287633,UFA / Bird,CHI,4197801.458782527,4197801.458782527
Zach Edey,,,,,7441330.215047485
Zach LaVine,30769370.19703965,PLAYER / $49.0M,SAC,5711421.309810903,5918646.813664777
Zeke Nnaji,,,,,-328224.8094242342
Ziaire Williams,2880935.331170335,CLUB / $6.3M,BKN,1911805.2785900435,2037175.936916796
Zion Williamson,,,,,8531467.441170836
